"-68.0,81.0","0.0,0.0","-2.0,13.0","-10.0,28.0","-19.0,45.0","-26.0,60.0","-34.0,72.0","-44.0,82.0","-54.0,89.0","-67.0,86.0","-68.0,81.0"
"-58.845909316153886,109.55576859752334","-2.1863652826040987,-4.15259002898633","2.2758066754589823,6.816168121293853","-5.54134766022444,31.337818241273133","-11.295804204119287,44.31060737847059","-18.974205254231762,63.82963111782268","-22.146347888847657,78.22251051040807","-28.86266043665023,86.97108416508891","-44.2093460457246,98.62759455429301","-43.94075966545539,91.50811044802495","-55.980514834550625,84.06449718979022"
"-71.50213334927606,104.37949964943394","-5.203519791027537,-6.883010202922952","-0.0035428520132367858,15.576335524766856","0.6513086127346206,16.957846908015394","-11.473481540323519,43.910536979194426","-21.002591465733495,54.7390644862495","-20.334077738082897,67.84308189712044","-22.423880007315525,81.83127039690012","-29.397051052457574,90.02962057390776","-44.24399691385482,91.0466004424184","-51.317427416969046,85.00114181699527"
"-65.98801029652347,96.02578219969254","-3.412871088780262,-1.0405103359316796","-3.7094179678138497,15.190966773265101","-9.07325485267651,30.604544089312107","-18.926835460179667,41.9572299335149","-28.60939750762025,66.44573662302669","-34.489836977772775,71.91910410966588","-42.45008915654013,78.3713463676708","-50.07633241030048,94.67965502270218","-65.90370200679243,85.61858460032254","-58.70470108375375,76.14384809571393"
"-38.0,-81.0","0.0,0.0","-1.0,-11.0","-5.0,-20.0","-11.0,-30.0","-17.0,-37.0","-22.0,-44.0","-26.0,-52.0","-30.0,-60.0","-33.0,-70.0","-38.0,-81.0"
"-39.63372954274278,-78.74433144433523","2.393541284402388,8.053333851380856","1.426218835653283,-6.015331290316885","-4.675163576110836,-16.837428795461506","-11.027409393621465,-29.941247835350207","-20.58931830873741,-26.973836455825534","-24.44746085414131,-39.854069041875334","-23.788189896255496,-37.058449671663745","-31.726987578292277,-51.857564870614645","-34.40411881800933,-54.511113647122336","-40.382246227192475,-63.20437768800789"
"-20.54662515869743,-100.8648062214065","-2.3622629536004967,5.886114839464815","2.1380778991763454,-13.564604851603088","-3.6531252975921387,-6.630462564113751","-4.703356168103987,-32.23378662016169","-7.056236962087235,-46.58091175470507","-8.498606845537601,-53.52756070478954","-11.483099089417687,-62.14819954148035","-14.968130534036858,-64.612153151644","-13.699451567982138,-82.9225117563587","-17.927807019874,-91.17628666771475"
"-40.53490912795519,-60.19898807913262","-1.144611125874894,-4.63796099474947","-4.383540693853726,-15.044902795891783","-9.806128131849256,-19.438490895046442","-14.456971496394116,-28.413227164689694","-25.776232086317865,-36.117084743105266","-25.54011303775287,-38.452009173585715","-35.78141167433638,-46.22595777342384","-43.57274984825993,-62.780189400645","-43.25307255092684,-56.53484508560309","-49.43406690817531,-72.24941661144143"
"-12.0,-147.0","0.0,0.0","-1.0,-14.0","-3.0,-32.0","-7.0,-52.0","-12.0,-74.0","-14.0,-90.0","-15.0,-106.0","-17.0,-120.0","-15.0,-134.0","-12.0,-147.0"
"-30.91827190590257,-130.9540923432488","1.2137238047523662,0.4915616739532343","-1.7895834386884686,-2.4988737808788337","-12.543674130312137,-33.66239780398306","-21.746926873806856,-53.090187314628416","-29.721612225696894,-71.31729098242016","-37.65720601315212,-94.30508748797405","-41.07607466754586,-103.22536018116327","-48.02102317138582,-116.40428532258898","-46.15377493574319,-120.42697430569297","-47.87274559383633,-139.9894351219452"
"22.779078854301552,-168.79630146156634","-1.1761855427352481,-6.210094316959946","-1.1353822147724386,-13.672110530183621","-3.9512329270528457,-18.151738016397605","-7.485641820129133,-49.15390642443914","-13.404486537100498,-61.106584288109666","-14.54322808052821,-71.7990791845814","-14.830098950553403,-100.39088208849505","-17.66694177503889,-103.88562965464108","-16.12946120663485,-117.04965504706391","-13.358740148997708,-132.26960943072046"
"-8.44483030959852,-164.9564299018898","-2.6437676609232126,9.624383664366976","2.2485425851534755,-15.766454008955362","6.067505751662954,-40.61099390683075","4.2287100221114535,-48.682904563347385","5.138950867788264,-84.0671571485965","8.582948150160004,-108.94749982857306","9.628108521095651,-120.41782861769079","12.445886565449186,-139.1783026591064","16.92423756707616,-156.10598297606785","25.85751560536307,-171.15025630551426"
"-103.0,-46.0","0.0,0.0","-8.0,-2.0","-16.0,-5.0","-28.0,-12.0","-41.0,-19.0","-58.0,-26.0","-72.0,-33.0","-87.0,-40.0","-94.0,-42.0","-103.0,-46.0"
"-108.41149221748621,-74.77649493264433","-2.732648126289731,-3.6176019716750956","-4.140033374824883,-1.2097685998656105","-16.574249003359462,-5.118432700456543","-25.523321847361473,-12.219169532678599","-47.658242897250474,-23.869647234513295","-52.8991713784282,-26.638738747727636","-66.1180038359866,-32.67656141381687","-79.27076974819332,-44.222780929123765","-93.06760500726847,-49.82348960409741","-101.40482830686933,-49.95430462436384"
"-105.53645952335343,-44.18965101538716","6.748823829003412,2.268344120235099","-19.41472350203822,-2.403067815959231","-14.31892179755799,-9.905058495281136","-32.55820792916254,-16.044651314687158","-43.16946715111943,-32.16379392215147","-59.79542381989139,-37.42761640255108","-81.90841646023514,-48.355982860768194","-88.01048557754376,-58.36087186779914","-101.88847886221554,-65.86614775256285","-112.17351696094264,-68.12470078836648"
"-122.07020494002354,-34.9915950804534","-1.7585235007020998,0.35618662725475053","-17.781280746782333,3.5199678100274294","-13.945512960233398,-4.253484692256722","-41.39736372363494,-8.326449270692478","-58.192363257658926,-6.735274920784013","-78.88892617960776,-15.62450282674159","-90.85757745181786,-21.20580216079141","-100.46308910807512,-26.064820607863307","-115.60848384307516,-20.528131052246238","-124.27945735682567,-28.88288549619981"
"-10.0,59.0","0.0,0.0","1.0,6.0","1.0,12.0","-2.0,20.0","-3.0,27.0","-5.0,33.0","-7.0,41.0","-10.0,45.0","-11.0,51.0","-10.0,59.0"
"3.74416785848711,64.10171233702663","-0.0022194528985442774,3.6100131293200604","1.076082046688003,1.100587287263408","-0.13047598823056117,16.766866215011554","-2.4894017329235134,18.025848384624435","-3.3133081207468424,26.068663912541396","-4.623312936534222,27.228629256685238","-8.539088853273771,36.41889610862929","-11.627060218138016,41.592483673949175","-12.270937757739603,45.18069448876075","-12.135313388144946,55.01426357200656"
"-3.294128897980472,57.3318182858339","-0.1952519373185075,1.3453294069536048","1.4073201614922946,4.676221146815884","1.7343621432936034,15.736666039318157","0.3236996303382478,23.247169326541652","0.8098821145788055,27.772389353667","-2.1454514880680238,34.501152994039614","-3.3661179291162338,35.486174548569394","-6.460706916340157,39.50305751052583","-5.307143771125282,51.18511579136414","-3.23044048519219,63.39557250801529"
"-12.594122822980658,59.36166620364071","-0.6158558377648272,-0.30059661566755314","0.6676891181289554,0.41066652378435","0.9136468719043009,12.454961002684923","-1.5052071318993676,17.968297558727258","-1.2815607772728803,22.917898179312242","-2.6549798206416786,29.86395899865218","-4.474857893144508,36.84269423070386","-7.1829535126905935,41.26566823138538","-6.613774893767174,46.16457763546987","-4.44533464702114,51.34325119037935"
"79.0,-141.0","0.0,0.0","11.0,-5.0","27.0,-21.0","48.0,-43.0","73.0,-72.0","96.0,-103.0","104.0,-128.0","105.0,-145.0","91.0,-137.0","79.0,-141.0"
"52.128263795316556,-152.04958051125914","-4.256995780508573,8.990264390539501","16.883177324114612,-3.871201895241169","30.29933413122864,-25.940415675153872","61.28885410624174,-47.85745336270962","98.67790563087514,-57.05246257180352","122.15931206309013,-105.58523901848339","139.20033752302277,-137.39525106986986","150.10515181490905,-144.52277190756968","128.9885586012307,-147.30869797861087","123.49741190330482,-160.08733182172986"
"119.32829819221145,-125.56621035494148","3.3860402054877867,2.920499817537054","8.913074850458573,-4.543544606714869","30.263563994177513,-29.035570234424288","34.2745260770795,-48.607244937485625","64.39392605543439,-75.53190053897826","94.74512368993327,-128.18736829305314","99.60024544550951,-132.88224456665293","101.22864047373027,-142.80145823903152","69.88182524180644,-153.31888159172814","70.91277276068888,-157.64742770119756"
"58.4387993395804,-154.92038211014392","-3.2027916177670277,0.6904895284936731","0.45120339477099136,5.141243247762513","19.885725559472494,-23.97024384751832","43.79095750433184,-31.455606803332778","62.32971813826626,-54.36442716573981","87.08206499342006,-84.43648499603722","104.0323200252039,-106.77139793693689","88.01066965615138,-123.89188059454335","82.69460549684202,-120.89219143217584","71.05349933853843,-126.21006132348069"
"-68.0,-1.0","0.0,0.0","3.0,-12.0","5.0,-15.0","-7.0,-15.0","-15.0,-11.0","-27.0,-8.0","-36.0,-6.0","-46.0,-3.0","-57.0,-1.0","-68.0,-1.0"
"-63.08254525360271,12.566815841773533","-1.152074156567448,0.7188743562579589","0.875648990316465,-11.366020130327044","8.091092157377483,-14.963032444585515","-3.953737562909991,-15.81642713244941","-14.59578524557088,-9.267148205008583","-20.016420685397023,-7.79489145226231","-37.24011956863514,-2.213576346166973","-42.57753821819667,0.6540018173680768","-53.071675882524566,4.395171776271739","-65.94004469093468,5.939083585701523"
"-63.11668916729363,6.928206672539748","-4.0285785884884415,0.6080664904649286","-2.7796908685580948,-10.7761202459313","4.891924850358946,-14.758124465605214","-6.7137928002662,-13.402163002500771","-16.63012686031348,-10.786813342123331","-33.76202389749558,-4.861275984161001","-34.4556861375995,-1.763533727318566","-46.02561452787069,2.070579785775204","-56.230567711850235,5.035572468604755","-68.50603733670822,7.879991341748944"
"-64.81157520463236,11.69278102688018","-2.67226442863348,-0.2954108890604184","2.02221875035679,-12.423333275012926","3.088358994764618,-15.141835888177933","-12.030272487364984,-14.2704770359184","-14.153863927706514,-9.16469994447384","-28.337116534476504,-6.001707654035675","-31.98579627593115,-2.2988913342844715","-43.302169937946864,2.5035617670561976","-57.96315244152996,5.259218736655804","-64.97844680480658,5.173198763049456"
"63.0,45.0","0.0,0.0","7.0,-1.0","15.0,5.0","25.0,10.0","34.0,14.0","42.0,20.0","50.0,26.0","58.0,32.0","62.0,40.0","63.0,45.0"
"67.60719700893684,63.334129091805806","-1.0642343392450322,1.313380794166381","2.794850444493103,-2.759340893482604","18.344841758372503,8.672619101356787","27.23420688876489,9.491135452361473","32.22138454193837,19.72341605631","45.17299937541046,21.29200800074215","55.61407676033855,30.293978163412113","61.29140633059114,31.164419888775733","65.12784595019498,41.39560880362212","62.77915925139001,48.531482901019324"
"77.60524649244618,48.14018912556164","-3.480151791256753,-0.47120756186987733","8.451925372161021,-1.5329345020873624","13.782059522841372,3.7472278520415228","21.56782332776702,6.44547277006319","30.3448952833408,15.93598483578874","37.19008341957994,18.85718591744395","44.85371254703682,25.688542220923907","56.040640928739485,29.33385544696512","60.04529359004896,38.96282543106328","60.533864369103014,41.758305041324874"
"77.29661367023384,46.12700047073774","0.8760483980497459,-1.0696269584356624","5.93077746146249,-1.0674258848795786","5.691443748432761,3.2018883556767985","21.89847172472376,7.390281392635937","30.71817396816671,15.770019672246518","35.421065875820695,18.148126787078763","39.19559287332927,23.28264710921901","46.355918333170614,26.97319037810097","47.58736089893438,35.44744257795221","54.55329253889902,41.32954066506351"
"55.0,14.0","0.0,0.0","7.0,-2.0","14.0,-2.0","22.0,-2.0","29.0,1.0","35.0,3.0","40.0,6.0","45.0,7.0","51.0,11.0","55.0,14.0"
"53.99018980822929,4.072634636084194","3.078590720924342,1.5779900690332687","8.797220651026782,0.5522198221904047","11.209757605263396,0.9006226893439144","17.060147547809553,1.6417509250575129","32.0470989828112,7.889932683786983","36.031823668360396,9.604852817847988","44.427023646983834,17.329119095018577","46.114973612454385,19.20066775748331","53.81955272288255,23.269850807621175","59.60224983282794,30.60054983613184"
"61.42184756932565,6.152380400711078","3.145576358258401,-0.8736395390341909","7.3014010158206935,-2.324130953781848","10.546422534498486,-2.488241104813448","16.261770952595985,-1.8351598538465606","21.0131634058173,1.2773926439180372","27.406217537650804,2.8198505921073425","34.6109535549591,5.032086831737658","38.1311371263619,5.651574631091164","43.0072603919347,8.417305428565424","48.4325576299056,11.849040030284465"
"62.207591617126525,8.850498056518902","0.3132459280791317,-0.3465833504780353","8.616118807616296,-3.923020896597653","19.903739214720616,-4.95172224534436","28.427135289188804,-4.881895555269341","34.10295413655717,-2.9229253792028986","40.197442361363365,1.5389501460906603","50.21086182813639,3.522510243627204","54.218553617775726,3.096831650133092","62.69700304665307,8.24082655236276","67.44663466440157,10.560262947744045"
"-162.0,82.0","0.0,0.0","-20.0,4.0","-47.0,12.0","-74.0,23.0","-95.0,35.0","-106.0,47.0","-123.0,55.0","-136.0,67.0","-147.0,76.0","-162.0,82.0"
"-165.14096002840827,93.44755299091494","5.128610526170921,-8.131590056553213","-11.97712043868571,2.878631387701945","-48.27168673067526,9.8800839012002","-40.21862585898962,19.89871679100701","-66.1903130586505,21.13485747007042","-99.56966722102176,34.405421658158275","-103.55767925019883,47.10154958463843","-109.97501354935001,56.723465633434564","-129.63583981630208,66.22739490479469","-125.39588872269209,70.62447168766946"
"-147.02265273891828,87.99794481859345","-12.411655337146733,-8.36872790471501","-22.08947737732646,7.103090311810342","-54.31270718338109,14.167591248968586","-74.83499137364859,27.578187315869158","-99.47141047861197,37.49430555983138","-102.01636688653444,55.24549938651865","-133.97218647024712,65.04094023660657","-133.47605323474787,78.5708475501731","-139.5942482372749,89.04273829551516","-181.86344688505497,97.41401375358554"
"-154.53217514669078,135.1137806877399","-5.206306295962588,-3.250471765989863","-22.188968555130714,11.411547166446276","-39.6748725077569,21.780762019230643","-69.99392899616541,43.874415163755806","-87.0838335537236,49.2387887740652","-106.50849399587065,69.40950678141073","-115.2575982047363,82.23509549934367","-108.56251652922386,104.72354788222674","-115.03231897758128,95.52674328674414","-150.3244146830095,116.51111384039291"
"195.0,-108.0","0.0,0.0","18.0,-2.0","46.0,-13.0","88.0,-31.0","144.0,-60.0","184.0,-86.0","207.0,-103.0","217.0,-115.0","207.0,-116.0","195.0,-108.0"
"176.98577520900616,-165.7570727259059","5.8096867963163,-2.5457694941148064","21.317998692951072,-2.026437169257235","32.45436687220034,-14.44706903027045","72.60550868217237,-32.79960883364516","113.05220323165341,-63.75557225675729","158.26301375429756,-97.53403629499586","153.08383594642905,-110.50740066377276","180.19916489985914,-118.85802914466564","176.27154870311972,-124.04277121455858","142.6268839253098,-107.16686944282779"
"201.03896335394967,-67.31081184177887","17.042287939996317,-1.4319737859689963","29.92881970741132,3.0635016842483496","37.37407900193254,-8.928489709945753","77.87156252813112,-29.83883157759236","165.39172263400025,-54.81667630846495","208.6725699456563,-85.95519074129209","233.93094189309315,-106.93290481119","221.72653342237575,-121.93137259513735","231.25877322803018,-109.86192723717657","231.23428691570925,-108.65918050738858"
"222.11753123141952,-86.02528547569365","-5.90491043913155,-8.162526518734948","16.911766553504503,1.668115927014587","38.02870905526807,1.5552551548948577","72.26831803268782,-21.116145544334877","147.37332878796454,-33.33907995574464","194.38229970551453,-50.91664035426112","195.1805731951397,-63.79545805374788","199.33327150666597,-66.63660577377225","207.49813946000174,-68.71601921727427","185.36647235748907,-65.91370524651519"
"-94.0,-132.0","0.0,0.0","-9.0,-17.0","-18.0,-40.0","-32.0,-59.0","-45.0,-75.0","-51.0,-90.0","-59.0,-99.0","-67.0,-111.0","-82.0,-124.0","-94.0,-132.0"
"-58.734798811173576,-128.26764615469554","4.794785001321567,-2.531957611505183","-7.9660575767607416,-12.169049666665122","-11.726999957939963,-37.74641808822721","-28.875514782711317,-53.23461321898144","-35.06718462646191,-62.31832297232625","-52.53432007206239,-79.69363953923192","-49.046399602756786,-89.70134146512115","-53.56928400037306,-105.45375574182508","-74.0619444342226,-105.2662444844196","-76.35811417256166,-118.67741836573205"
"-84.28212920134183,-175.063347166189","4.873642637517484,-1.2629738765696512","-10.556189167889944,-13.514049745743376","-20.91232306829888,-28.999782422887026","-49.060460812708584,-68.05325116685161","-60.448369847159476,-62.662733364813235","-72.52210263409108,-85.66578510634271","-78.33918870494038,-92.70432266501707","-96.26749954746413,-98.59860289521075","-115.22906615834326,-116.43629513771012","-124.88464399622191,-105.48729059910707"
"-93.70457117797773,-155.828052604793","0.13860360973244285,1.7333072537411025","-11.196787301197169,-12.58975674698996","-18.51403209759361,-28.337420870370817","-32.36628426484648,-67.24410887818775","-37.16294061833152,-77.87301494043741","-48.67994975765111,-95.94999852758117","-50.54776386279503,-108.89531413079192","-59.45587905297871,-121.50909891110753","-82.9898309641287,-146.94510242426853","-88.27222153244696,-142.60882732251468"
"18.0,-171.0","0.0,0.0","3.0,-19.0","0.0,-39.0","0.0,-64.0","3.0,-90.0","3.0,-113.0","3.0,-131.0","3.0,-149.0","9.0,-163.0","18.0,-171.0"
"23.143200088799194,-151.6248006789681","1.7745719239006061,-1.634690503133271","-1.700662800855712,-20.445829366673948","-7.368126687862072,-33.47742456863216","-11.21115453499922,-57.48627715427611","-15.218446822617336,-94.55793655646755","-15.419054025664101,-104.82350086530461","-21.364645868710966,-126.00107622555194","-22.464315571065665,-141.1202366102077","-23.344360549426057,-173.42805415633967","-13.972096303264273,-174.77244267533703"
"48.902929883309184,-132.32495059409672","-0.21339849566772423,-6.151390298177345","4.508560641438665,-22.20124330264595","3.319617560172495,-37.16978232079496","6.1567064349173695,-81.33498403157056","10.448692137913469,-96.59207519499974","13.908091149878917,-128.60670259479454","15.806784963162105,-132.58739448326824","16.6485740430665,-161.5637727133804","24.23376881025981,-166.50631474569556","33.58200233754523,-177.89349178172267"
"26.080418980154626,-199.5748615714346","-1.0282945111948967,-5.214127078928951","5.760681526364134,-21.023939391707405","3.067469218296646,-50.31423082684194","8.39971827545529,-85.88114440683987","12.610565334840548,-93.28997326087206","15.696532222015396,-124.66126346169578","19.75424175996741,-151.19259824556488","21.2218557086,-183.4832813191213","30.079429681347747,-174.1411973874796","40.41957644474756,-195.19399590893673"
"36.0,-21.0","0.0,0.0","5.0,-3.0","9.0,-4.0","14.0,-6.0","18.0,-9.0","22.0,-11.0","25.0,-14.0","28.0,-18.0","31.0,-20.0","36.0,-21.0"
"32.02321838646005,-20.85695221548356","0.035895389594108915,0.18723619447764206","5.578387017087746,-5.891987713921507","8.98926442510693,-5.2324044143266875","11.808483935060165,-8.800820614899777","18.05072972770242,-13.952407899267474","23.772948849145152,-18.338370535327638","26.63506679704926,-20.167972869330377","27.904426847617152,-28.16318880020514","27.792204310095926,-30.724474452464797","34.282658509168066,-32.771822664119185"
"33.56647079840945,-15.020959583094127","-0.2208138737867581,-0.24089882486701403","4.269531584224815,-4.511777556340064","8.297075784718817,-4.995153197771622","15.363388924141372,-8.92750090387863","17.899261695218918,-12.926143591714192","22.436354170130045,-15.234843774031937","23.222847493029594,-19.13362593228967","24.795439485345245,-25.889375564851548","30.074906397752052,-27.246782696233993","29.054986062020948,-29.237537064241863"
"35.29429224523095,-29.730514494418934","-1.0308340923580228,-0.404432125202223","2.356308642258639,-2.3376969373964083","7.030662478884448,-5.180815264873602","12.252951950259753,-7.94555557625068","14.561071955665156,-13.015513075587357","19.340941020028318,-13.203453787287167","20.456150412458175,-18.134786512399458","25.64353667065993,-22.085909745313536","30.809022599619986,-24.378713628326828","30.253926241224125,-24.09124581930104"
"-18.0,-62.0","0.0,0.0","0.0,-10.0","-5.0,-22.0","-10.0,-31.0","-16.0,-43.0","-20.0,-53.0","-23.0,-60.0","-26.0,-72.0","-23.0,-71.0","-18.0,-62.0"
"-30.106043599483648,-67.60072981397467","0.1602695247151934,0.0961674064425356","1.9024378207851338,-11.17535716667682","-3.374848826810709,-22.412518478593483","-4.682365278107114,-34.555583107282615","-11.50333911704935,-47.78542429161282","-14.321740294554719,-58.27004014306582","-13.221828349466229,-70.40106789139128","-17.978579767791583,-84.15415727526354","-12.710039988709479,-89.72014072429954","-9.324030230334794,-76.56398497335579"
"-30.750016923858603,-55.618073124679775","-0.15685378171560033,-1.7785504866373938","-3.434646590829339,-10.460937116389697","-6.253912220815254,-10.11914986230444","-14.126149317600413,-36.34365815071181","-21.404163276947102,-39.95802522366842","-25.020670696566956,-49.33115642473306","-30.700592995817026,-59.205187650071444","-33.357005729699374,-69.04649741213238","-29.0956680853785,-66.85801813246492","-22.780320102977484,-52.40643815885739"
"-20.73606339734106,-53.16317033409524","-0.6723636934209658,-4.204249869526166","-0.2640540436755229,-10.550979991238405","-1.8995434722847804,-21.476182467600363","-8.34291514601781,-33.13959294430851","-10.88354422627041,-43.21330545107946","-14.359140384347203,-51.43885199746597","-18.7475530685696,-62.4322368085288","-22.375276739262382,-69.67926008076414","-15.61508518055032,-72.09983917108772","-12.92328570948088,-66.0501958466347"
"-142.0,50.0","0.0,0.0","-26.0,1.0","-51.0,1.0","-77.0,6.0","-98.0,11.0","-116.0,23.0","-140.0,32.0","-163.0,40.0","-165.0,48.0","-142.0,50.0"
"-142.86360619504904,38.23994356976644","5.474824295081389,-2.4221492132565756","-21.635064325983308,2.0779869500221593","-52.80784487599436,-0.19574868632997067","-79.34572369371908,9.282647672374651","-92.7447906584013,10.463688303065824","-119.17577104532535,25.192743247493418","-127.29796834230076,33.68034034333288","-141.34670339856584,38.52675102035944","-152.0602845782472,51.54116137698547","-142.15464220844586,54.18060445767871"
"-170.24600333148175,16.673027860277777","-0.5098724221553892,-0.05223234337626721","-23.249984320474844,1.165695710212117","-45.39784335544932,9.683421390258562","-85.6072536958438,18.695053423359532","-102.85424850532499,25.95640245850995","-127.12713546453087,39.69706625239264","-127.9853828905501,54.54165605213632","-172.5156839449619,67.54906663007476","-175.2469076456923,68.24239772960757","-148.37368283130292,72.9997543846901"
"-128.34091870788706,10.542313970188992","-16.512838830349033,-7.511577585265295","-25.03047569345319,-4.4300861879486595","-82.78344509919813,-13.769126351228127","-82.28978765930414,-14.979937990274525","-126.2282382187386,-14.50468555348785","-137.28024588295668,-3.5034471418543944","-170.88674035754767,1.5814362357234515","-189.03298090767188,5.853472036667583","-194.20199624407527,13.855118040377732","-171.0323443697704,28.9812993538317"
"143.0,-86.0","0.0,0.0","11.0,-2.0","28.0,-9.0","50.0,-21.0","77.0,-34.0","105.0,-49.0","127.0,-64.0","138.0,-71.0","136.0,-77.0","143.0,-86.0"
"154.80588260427623,-77.18137517130373","18.63105302284098,5.841344295975775","18.5065570957594,-1.6945837185513275","27.97534280374776,0.6314990218964738","49.707965709265345,-14.409033936693511","90.04818609940381,-13.844896902545777","114.55875456013155,-21.924396125856465","148.18867416616223,-37.430580194592366","157.0479956313224,-43.946897238266715","150.9041545492687,-48.65316245731513","166.94843269149084,-54.56610582769524"
"163.53149755958512,-107.0573505756449","-6.788409212871298,2.212627792805771","19.619872074505164,-5.424282472814982","25.175856328414437,-14.336074723898747","37.605319094925704,-41.41001444253303","68.62780955714105,-63.64213256860578","102.7981527473363,-83.26902143807817","115.39192418053773,-107.36816321091653","131.30813122408648,-125.02444813023858","134.50022663649463,-128.96453149513258","130.03802367839353,-131.426516209412"
"131.64980434542832,-111.168068347175","-11.684414011174313,3.1984141810014535","19.918874135138694,-4.738271777831091","22.737196089199834,-12.029631186156474","66.88538763367639,-41.172223568579376","76.08129239841784,-59.47947826463481","108.10380436597666,-81.25164096499608","113.25442329985938,-107.07665766358404","141.90593240989537,-114.32107173416327","138.36466478005048,-114.66714844395734","144.17640811205996,-122.6923431219551"
"26.0,124.0","0.0,0.0","2.0,12.0","5.0,27.0","5.0,43.0","8.0,60.0","11.0,73.0","14.0,85.0","19.0,100.0","24.0,113.0","26.0,124.0"
"50.87784947713513,116.09424957066125","-1.915237568485505,12.456782092901753","4.273328496837066,-1.858125776538573","-1.968770135566107,31.03150542007296","-5.250091775135051,51.04183675310789","-8.748575218330563,67.10171333869533","-8.761956530512737,86.97097834850418","-10.703871657318015,104.48456877880477","-9.716568452975633,128.6239207482789","-5.587912945798255,132.08763153722722","-8.632386456529687,157.02074185114077"
"15.760705085181712,105.78093960217123","1.168655926410438,2.2552352001173634","2.6961027825949384,1.2273776090405175","3.01344066313197,22.47541359051624","4.658030122437585,33.84953237128422","4.046385362391888,56.46770435618332","4.532593861871005,60.82177374138118","7.378542788671323,75.34330771450757","9.666387148241032,94.84700965097677","15.56052038775859,106.98380571902305","19.561322087531575,105.18907657678959"
"-0.9796674534524428,120.54758162412888","-1.7908327820577588,-1.175774047226927","2.3409636145646644,1.2285414267329156","8.387684458295862,40.53113431970592","11.448841697540217,53.76775274827109","16.887310777953076,78.67688924034339","20.930239095183655,84.65911854739869","24.86319958706134,99.72345831539936","31.131982202353115,112.00628045391107","39.438254884120866,131.7728241691596","42.27195183461218,137.12590962449892"
"-73.0,122.0","0.0,0.0","-8.0,14.0","-15.0,31.0","-21.0,51.0","-29.0,67.0","-37.0,81.0","-42.0,91.0","-48.0,108.0","-59.0,116.0","-73.0,122.0"
"-74.32584783910299,111.0394529844324","3.3637770322600984,-10.05614002440589","-7.618773361852082,32.364266844937305","-19.699979688701465,37.95715344870522","-29.369784291277433,46.732132798161295","-42.90273301023713,92.0992077096434","-47.76123959339898,92.99030219467707","-56.517149820592735,108.64693241107095","-63.51816531378268,114.02483654065578","-68.86274723100291,139.47136398687","-89.55471546646746,139.01989689789085"
"-99.2856917001329,100.14325848573569","-9.648721962440101,2.3556034080224153","-13.78281804868387,-2.948179493904406","-21.179811045842573,42.32630917883555","-29.452170905612597,52.253170061565314","-46.03816619793286,59.60103446332481","-55.65768288398643,70.68196155953594","-63.90137769433478,92.94543321936392","-64.00917999352612,111.59064124366371","-82.89978340108989,117.43898171558916","-94.68589549696196,117.01016663429382"
"-78.62814738461208,102.40186350990456","1.448779044785028,8.467319497514136","-7.587152528384015,14.775316517921881","-12.276206379942868,49.26233981015987","-14.27404852061265,62.700757653294495","-21.485349064818166,74.56383509243992","-37.02875173224356,99.48824210093996","-35.63975839149229,113.48310729227099","-40.027782390878656,132.9831694824087","-56.48171338490498,134.52698087524215","-67.19059133023067,136.2333735729525"
"-31.0,-81.0","0.0,0.0","-2.0,-9.0","-5.0,-19.0","-9.0,-28.0","-12.0,-39.0","-16.0,-48.0","-20.0,-60.0","-24.0,-66.0","-28.0,-73.0","-31.0,-81.0"
"-32.19797257717224,-62.71246741561717","0.04650515144422673,-7.681655529343177","-4.998391316701721,-5.994581229478376","-6.742350701225183,-14.029610511353496","-9.860427144002585,-20.6068622259548","-14.014063566822092,-42.49715042554586","-16.182823070612322,-41.65571074992479","-23.285854004119944,-59.711804147941415","-24.371532840510653,-63.20253679288309","-28.32694979642435,-61.28248304329471","-35.153780066262314,-72.88928763920893"
"-45.4774157564833,-78.46914599845731","1.7303957356544346,0.754726007462005","-2.5911757777477247,-7.21891925635794","-7.20681877476663,-13.276960752780832","-15.703846785668121,-25.03241292631367","-19.28913833736319,-29.198171725045754","-25.28047899349507,-38.14104770309125","-30.67082936089855,-46.91071119571056","-37.772181006231364,-55.25768986618487","-42.67473509989893,-53.36659069881676","-47.735958768117186,-65.03910481094796"
"-35.85477634229428,-89.98691699965457","-0.3086749389753318,0.48106292975120407","0.7870737710266555,-9.317795844537693","0.11293609530082982,-24.361216725310513","0.22081535690271803,-24.418065728009722","-2.022359191659305,-36.606934645804415","-4.427915530056302,-38.30609427270562","-2.744054952389167,-54.98082385890125","-3.990137492690165,-58.67158647447283","-7.732661222910275,-59.98331630407306","-5.612028254804613,-70.45543585135445"
"113.0,34.0","0.0,0.0","12.0,1.0","26.0,5.0","42.0,11.0","55.0,15.0","67.0,19.0","79.0,22.0","92.0,26.0","104.0,29.0","113.0,34.0"
"120.54115188435284,47.26394623218117","-7.0280643968112955,-0.44273964337756166","1.9798066686377218,-0.16321332521682025","30.34824533112394,1.556312730329878","35.371180250761526,6.540304847311692","43.00859094972445,10.273209946753713","65.14678123749773,12.79232610307521","77.37123851237088,14.794924707749502","81.93572243647034,16.96826263459139","105.26868748326731,21.822537220295178","112.26484378897628,22.14787395407134"
"128.44919114923408,52.40143049118927","0.4139626426630651,0.19593750898013335","10.653540327429369,3.2437142710133156","25.32270570720988,7.693540680510361","48.75589227592946,11.783943225554518","53.95056658627443,20.819239986667192","62.945409808432935,24.119242396276444","69.662195257683,27.45029223934822","81.67301321191405,34.44138358553741","103.90324755160412,37.40244420789101","108.11367714631936,48.04610924635893"
"101.08056256635292,15.770708882006","-1.5899311386618649,-0.6003354493858435","11.97351903571598,-4.743400527670168","37.45262748026678,-2.416286282271723","56.47794820293999,-2.527685102053084","67.4281337755778,0.46910867666647427","64.13355810498709,8.737160856822062","82.93615627940929,4.00410387330302","92.89102097313751,3.6530080543705914","116.9887825961301,9.135765490244491","123.17846587425902,7.815785650973108"
"-132.0,106.0","0.0,0.0","-16.0,8.0","-31.0,15.0","-46.0,26.0","-64.0,38.0","-84.0,53.0","-104.0,65.0","-117.0,80.0","-124.0,92.0","-132.0,106.0"
"-111.85559071134705,117.87083115008089","3.382615921125887,-3.281162802599038","-11.551250042513006,6.526412101916948","-30.124706477486292,8.477504341252189","-45.56084629485182,16.52946247090272","-65.3292557101269,39.56262118564595","-82.35070256886847,46.25679433728588","-104.11228846914874,51.78935925730495","-124.74607650086604,69.56903363268314","-129.00722361947842,74.99946027918558","-150.2434554439684,90.69512578323156"
"-146.7881555865505,72.56155523418009","4.0934293458638145,-3.338488809146809","-20.467237772179814,7.779492159896131","-31.037956848559055,16.685764220996735","-28.412098764006043,33.698048678812604","-46.28741579244654,39.81789969794617","-56.081232502229355,57.391808643099374","-62.34415391636922,85.75065136287344","-73.79723513465694,81.74647082524528","-84.34038291705606,91.63029608519166","-84.51357210677727,111.409558424974"
"-106.71808726974403,123.52480523721121","1.1904400958869397,8.505950831556689","-7.372761361140049,14.27983891084931","-25.61949199943919,22.901879352261727","-57.48652465989339,25.969665900580985","-55.423985593103914,41.78848524061778","-90.91822688680656,64.49645102505555","-122.32771664759379,72.72052001231359","-130.12735705376198,83.66029934833585","-144.81738085615035,109.80881815282687","-143.61881688261494,124.20550313136647"
"186.0,146.0","0.0,0.0","11.0,13.0","25.0,32.0","56.0,53.0","99.0,75.0","131.0,93.0","154.0,108.0","164.0,121.0","178.0,133.0","186.0,146.0"
"238.05933122213014,112.23192359146867","12.820326727779703,3.039026441936797","5.273704061060801,9.507868993207554","21.67931544754528,39.26368489262881","36.20315076027661,70.62741197030996","84.34506283359548,82.5954660595314","109.6181651940124,101.26309415135104","134.87787564741444,128.25762866839227","145.9397120076457,149.66981133845442","153.15321455322004,151.08348626665696","175.28887339120183,167.02620900412637"
"196.65263021134723,168.90159329014585","-0.337932394227767,1.3271063271057035","-3.202395076499071,9.80439699135464","24.741093969461918,33.12439444657433","42.608874149715945,54.212186498115","69.72729120531629,67.50212770958161","97.3529246592407,88.49697146222051","112.3732391300884,111.10034123756544","115.61775713212054,122.47754122105336","135.2113743223547,131.41589397865675","140.04040852798815,141.4149168278871"
"219.89596502303027,120.78971559208736","-9.938606158708534,12.924638256555156","0.2775823222787117,9.746785748489303","37.16752547651476,30.266873000714916","45.47981525563826,41.47228411378514","79.71356800435208,65.62535998149893","119.72602644139883,79.04076087187507","136.7218678393169,91.15346824430166","149.99516272895852,92.58498549223006","166.28795288567156,130.22472629866607","174.32621986066948,128.19960935627134"
"-32.0,70.0","0.0,0.0","-4.0,8.0","-8.0,15.0","-13.0,24.0","-15.0,29.0","-20.0,37.0","-25.0,47.0","-30.0,53.0","-31.0,60.0","-32.0,70.0"
"-24.845970727042488,60.46624808604213","-2.7776606122822205,-2.298698683971934","-1.386563571825333,4.017329892129117","-9.222153967791003,19.86637467581889","-13.742742828794258,20.625771840363367","-14.494277136108968,26.024111246328488","-22.5806221610402,33.36536462605377","-24.875567594701447,46.311500296015815","-31.444218045169524,49.25805841516617","-33.060676320647175,58.4041786162443","-34.754734226368576,62.53658497101002"
"-27.900025464015556,87.92395971205316","0.023796427333854578,-0.44672770248056853","-2.8897596520396633,6.131100485343101","-2.608979988319818,20.46523665035249","-5.827019448102817,24.189445170916912","-11.703289613839157,20.94733846096753","-10.812185437058016,32.90381636359115","-15.393927897181769,44.55224447104418","-17.007492685944,48.73037711034466","-18.56536427297015,57.432325301189465","-14.864621676420294,64.51747797376608"
"-50.532237032648425,69.29018271300338","-0.43170394452355476,-0.7126970130816909","-1.2058723788640187,12.453601771399711","-5.6821404795803225,17.005027866237437","-8.169363637199385,33.36053657032473","-9.880080214230984,35.014997401351366","-12.169415058684436,46.459728266368145","-18.673463064161307,67.69545175483985","-23.56027132478827,65.543517797302","-18.29103884374107,74.32660480520734","-19.41273402748846,82.68928677958031"
"-192.0,164.0","0.0,0.0","-12.0,23.0","-41.0,56.0","-91.0,80.0","-161.0,102.0","-214.0,119.0","-234.0,137.0","-239.0,153.0","-215.0,158.0","-192.0,164.0"
"-148.03018344476982,139.28834725948332","7.025957405644748,1.5974715477420776","-3.395910841941122,38.34492047195286","-28.04968343863115,72.67017374135315","-87.57941144610167,105.6932777637964","-158.63929024799816,138.2764715885545","-172.1354383513399,167.735392456314","-201.91733629672186,203.80978207684325","-214.78197775047855,226.55372820853427","-211.23029323441443,227.71195102095396","-160.89396137948452,222.43377370049046"
"-193.4488669263177,93.16851045623555","-0.5796948344251989,0.22265535728596608","-27.570523427131707,21.906207688096696","-61.275179509312466,57.395376567035605","-122.05950382897898,65.65327285908462","-195.50729817457346,60.03277734207492","-259.0783006801152,58.88790302228545","-292.13362134861137,94.51610018675491","-295.09530067203553,81.82037581660656","-268.1750563877084,105.97210966092666","-251.69587040049433,104.08102729630679"
"-156.0674910777563,143.89601688017672","4.094319687557535,-4.115514593722877","-22.169656002997492,17.011392674368032","-59.73526792416969,57.8061198356365","-125.55053098112818,93.2423042988925","-180.5802323250395,104.37532662135156","-261.4577497441599,117.60638417616605","-312.5324241081971,139.20437846143918","-286.95241978944875,167.06109900346792","-261.1927036592383,173.24772187005598","-211.13545637115587,190.0902880347291"
"-42.0,-112.0","0.0,0.0","-2.0,-12.0","-5.0,-28.0","-12.0,-40.0","-18.0,-54.0","-22.0,-67.0","-28.0,-78.0","-31.0,-87.0","-35.0,-98.0","-42.0,-112.0"
"-24.913421313906458,-125.35349526337082","-0.43556955186431934,-4.042431619938406","-6.879334311624181,-14.011901920006474","-13.773004602314579,-32.15148375890965","-20.011305832832445,-32.14053898922446","-33.90971921831441,-55.39264331040096","-35.89169811188525,-61.44459765875237","-52.63974396211307,-78.59900479403241","-55.81663818529617,-88.5675323287099","-59.40880978579389,-93.22712620320834","-71.13571456900894,-92.83028929629211"
"-14.444105935967439,-126.53426477025455","-3.9803221294151907,-1.1301294908934794","0.3377752533986311,-14.247509325563685","-0.4999618865639559,-19.46751172135791","-3.065852673278221,-36.737201094533724","-4.150864156465253,-47.523456135808495","-9.374627123980233,-70.02735941813071","-11.777750286656286,-73.3659907517695","-12.8912985789871,-90.9619436351598","-16.37589932926459,-93.39471615566448","-18.35322069439134,-113.10109813483314"
"-44.91225269478558,-103.0655312525976","0.13829230527112593,-1.7239729928326282","-0.7697657351164855,-7.509646089670191","-2.451042742424883,-20.11657362945205","-3.1179809922322566,-43.2035226460027","-9.566223318857379,-42.207004265559334","-9.388847216091794,-58.02822089265908","-11.88695703755977,-70.05222711724461","-14.291502927819025,-77.37384110311324","-16.747272940364034,-89.4961163917806","-17.85952309082142,-93.85428441246867"
"-167.0,89.0","0.0,0.0","-21.0,9.0","-49.0,23.0","-77.0,38.0","-111.0,50.0","-143.0,57.0","-172.0,63.0","-189.0,74.0","-193.0,86.0","-167.0,89.0"
"-152.38996784505034,65.55824272541315","3.2577745933467117,6.554604687542346","-9.319244593321361,10.570240253449102","-16.881790730972902,19.425661082292454","-50.18954184789688,51.13458400699329","-92.96654350316317,73.31663985648235","-121.46050353314558,94.6913822545072","-125.71122573536108,95.40639235604732","-139.18667146342875,95.19124192581299","-143.88982139047297,118.2317308840696","-163.29814568416808,131.09782816168723"
"-148.8625205916782,79.17906318878805","-5.0426192541768415,5.91780817873947","-4.30637246713726,12.166525638345476","-41.164487763579345,26.16660658050123","-60.72391244897264,53.10363231546657","-89.47314913111609,61.95787786401297","-127.6280341820716,82.38210663543137","-151.58324163184486,84.97378942835184","-157.1353732820502,99.5531316992327","-157.53421833901518,110.69130861157696","-141.39275386642464,114.9728755702182"
"-151.42027575033947,83.70646496188743","-11.804718394511841,-5.015504148141601","-33.204004257198136,9.577924918921097","-50.69158692175341,27.41004112114366","-101.8755949759874,47.68085553446468","-134.67438913441185,55.8372487353774","-171.28906655059342,54.22803381929909","-209.60084518897673,73.70530022799444","-230.17324424968962,85.3154196524861","-228.76634289103205,99.04692170144055","-194.36550193158814,112.46749423309817"
"-77.0,-189.0","0.0,0.0","-3.0,-17.0","-12.0,-43.0","-20.0,-69.0","-31.0,-92.0","-46.0,-117.0","-57.0,-138.0","-64.0,-159.0","-73.0,-175.0","-77.0,-189.0"
"-35.03428627825755,-227.44201383236975","5.124069016502538,-15.42101819461802","1.3344202807301135,-22.434288588913642","-6.144412502622213,-49.90756907670168","-1.2830266155843937,-63.37357936919821","-11.828097357104927,-78.16758101925465","-22.501162335057177,-102.2434860937332","-25.957657884282014,-130.39791630371795","-33.27479380823654,-134.4650615700125","-28.121135062578283,-161.94897499265687","-40.26115396077614,-165.7972835981435"
"-40.593496944449996,-218.57629933018484","-4.7407596508434935,-4.264195806751212","-11.53341300059828,5.35938870695433","-11.561624426093159,-29.573616220748566","-16.64761376499701,-78.77086305848809","-25.77189660176783,-112.51169771150428","-37.42442248786407,-130.45301497647014","-49.3431656338195,-164.8956801470755","-56.95976944377172,-202.52441454838055","-66.76650909168768,-210.03804361051243","-65.20468623111657,-242.4955760200458"
"-40.44283506586368,-180.78082530570578","-3.312368930385809,5.607051857906549","-0.4612542413705494,-26.387917593768265","-13.71713530030939,-62.00477728857555","-19.68840542476274,-69.44232712740155","-32.33754597311073,-108.56869610567549","-51.30970092591747,-104.67662931063344","-66.48714748513305,-164.50213469770912","-74.73385839619577,-175.97782851923822","-72.11261309145232,-198.34388844739001","-83.98959531829408,-208.38582294345403"
"-91.0,187.0","0.0,0.0","-11.0,15.0","-25.0,35.0","-42.0,69.0","-56.0,92.0","-67.0,112.0","-76.0,133.0","-84.0,153.0","-89.0,171.0","-91.0,187.0"
"-52.09274356381148,204.25023035276982","-5.5679249714466605,14.876044444469683","-16.52138764912717,2.9688082173031","-21.37111119632799,31.158184027628533","-48.70167216079234,73.61079370526815","-66.62420637320922,103.58226789728823","-79.32621311328516,142.25740676546462","-93.85283419233596,149.61344840463846","-102.32166130611648,172.72328719518373","-97.84539503786213,187.27004392146097","-112.17692651758986,208.08367114817995"
"-126.91439494221564,201.28137529403475","-1.1635131420262923,5.528397937437914","-3.671502100350664,30.880767748322096","-20.558042631073405,46.672509996700896","-40.63748401850093,78.68447522817151","-57.05702134987859,99.42484934710268","-66.31246482669523,117.68588403567738","-73.57258625713057,135.34586016715352","-84.45201613655712,162.26738468554467","-91.2589554792367,174.36021472949994","-85.62046940057324,190.79619861814183"
"-38.256517958711264,165.49335875559578","-4.2082717855986616,9.289812851894062","-14.244462236139622,13.161598930220828","-20.782226907587827,35.434101086838325","-30.05700658111614,66.30150147925822","-40.080047929179386,90.88844900449453","-44.95892087616677,109.82967303133195","-50.89936661776741,129.61993836242212","-62.219284663946866,152.22893968565577","-54.22166300938824,167.65996702317912","-54.59894550777626,178.39285358274057"
"-90.0,-72.0","0.0,0.0","-6.0,-7.0","-16.0,-16.0","-26.0,-26.0","-36.0,-34.0","-47.0,-38.0","-57.0,-49.0","-66.0,-58.0","-76.0,-67.0","-90.0,-72.0"
"-88.22002165854045,-67.94465368053123","-7.963018305263441,3.8223230011267932","0.13141180509798622,-8.424111169048446","-17.490052582336165,-18.8902765672136","-17.84162476836036,-22.889457180193695","-25.441333359703012,-28.920870699932127","-32.98004130334887,-38.9236533428124","-35.889189123073436,-45.500179069082066","-42.467105417774576,-56.80248328493281","-52.907784018724605,-68.4559519708027","-63.474909779841745,-72.35800983560598"
"-98.13885748794166,-69.54665045015615","6.549435921601611,-1.3990158392927756","-5.636924484625158,-0.6694925844224524","-12.468104665448289,-10.610008535702462","-27.67368427045999,-10.619008726411447","-36.50179053247629,-12.20685011456764","-54.08265268703402,-17.385274586431994","-59.483879622084956,-28.62742373799732","-70.77540453990154,-32.67707227354928","-75.76529968910131,-40.31861847688846","-88.21948510906827,-35.28705139608016"
"-119.93881480141548,-61.13340561029453","-0.7963583098088272,-0.6180935099275034","-9.102410228027239,-7.372145468301027","-21.018407099247362,-9.950120120402971","-36.24748018489248,-20.557592465836535","-41.94888311866021,-28.215962406964053","-62.42320958351936,-31.25056946121472","-69.61792939292513,-39.84290428889068","-83.6120799029699,-51.00974518965094","-80.97987810961224,-61.94287624107516","-111.94232641148334,-63.30211927320744"
"17.0,50.0","0.0,0.0","3.0,5.0","7.0,11.0","10.0,17.0","12.0,23.0","13.0,28.0","13.0,34.0","13.0,41.0","15.0,45.0","17.0,50.0"
"19.50716088025498,44.04734449421627","0.020802808068865905,-0.5032363026339851","2.0215495070442193,5.786563550557638","9.474304731501494,12.212059888335014","13.871493879101067,16.2699835354178","16.786739760859703,23.106456620685574","19.11312103551146,31.49404940907167","21.366435333612245,36.3014779374437","21.81463317637819,39.16025208367769","22.846217383825937,44.67958746667313","26.107426088541594,49.40221185807735"
"26.636305837790268,49.976092369296396","-0.8291605331612449,-1.329933402466071","2.467527781614576,10.821542959606218","5.292067091446315,10.13278206111852","7.776499736467515,21.526991979858757","8.149487422751658,25.51346327698081","8.082506898768052,31.830740872427008","5.55567096453837,46.5469657749186","6.108799361804815,45.666704987951846","7.084935391393699,52.984928580455474","7.374132220648777,60.351993112802965"
"20.227189003161385,48.020723461023636","-0.20521697174396297,2.121491448680478","1.737254328260609,4.141694674790594","7.820995670724542,5.804281339368942","9.2317604959093,13.733569369608198","14.123441519398698,22.770430854749897","13.899703695135624,23.138686470717165","15.969147166767549,32.091873417404656","13.257506128352416,34.9004302279959","16.6591906387264,44.98603096257238","18.168472452673875,45.319283275912014"
"-16.0,-51.0","0.0,0.0","0.0,-5.0","-2.0,-9.0","-4.0,-16.0","-6.0,-21.0","-9.0,-29.0","-10.0,-34.0","-12.0,-41.0","-14.0,-46.0","-16.0,-51.0"
"-13.328546986475718,-43.971023255996585","-2.123884925206524,0.9258764744595649","0.1384379657931155,-3.7954524536225676","-1.180033402143248,-5.084685617312272","1.3995228294695,-15.608971981559133","-0.28855568829051315,-20.350686187017846","-0.9243421683964179,-27.707814330786896","-0.6788879804347836,-29.646395512323636","-0.547605705748925,-39.749059133903074","-1.3586761177942055,-40.81523250581124","-2.5144783642055994,-45.34621010125372"
"-23.634339233769822,-43.192110568561624","0.7389892314518393,1.1510570256546375","0.1642622360185001,-5.769375043479278","-2.1607810725581427,-8.870494117223206","-4.318286980797169,-12.45720746206223","-4.819074114670096,-16.274833757807105","-8.392104762512336,-26.729373605475157","-9.841635667987358,-25.550160755290452","-11.980924624161723,-30.300488006979354","-14.60756122808914,-36.089396230718194","-15.305235323457989,-40.03599446189223"
"-32.13876969997879,-53.92860343108794","0.4551607292975063,-0.6168592957147602","-1.272463801337936,-6.510966946742895","-4.763583638953258,-10.066821620176583","-8.231398987793373,-17.288764052780262","-12.20540084420608,-19.887878476871478","-17.754676451954914,-27.09907199145983","-21.546600386485764,-40.318075903382706","-22.392898884036622,-36.309332744221194","-26.829925887925846,-46.487386586437516","-30.397673339810336,-49.43274626887688"
"104.0,-156.0","0.0,0.0","7.0,-16.0","19.0,-39.0","33.0,-64.0","43.0,-84.0","52.0,-103.0","62.0,-122.0","77.0,-137.0","92.0,-144.0","104.0,-156.0"
"108.9698846184838,-112.67557295811936","1.6646611902892192,11.007340754919444","2.5229319904754757,-12.186795032340953","18.58507970869836,-27.521005281892457","35.274757063222026,-34.77642183315045","49.96567616413897,-63.808411146485874","66.88275586676222,-81.01732249122195","83.71895355718205,-92.02698829676623","96.46334230798466,-104.2325813313728","102.31918762286978,-100.19950571376533","121.36781515585254,-103.15227592534231"
"69.0017838894972,-179.3824009970757","3.806093446423206,2.9456345438608276","9.153573242452376,-36.156785391872084","15.663346115107766,-41.60702663468772","29.175391234657187,-52.424892134562235","37.87294858072434,-78.16321391217821","46.96867483380822,-90.1468832697231","55.83662389670804,-103.64546929389654","68.03810908858702,-133.61236128136545","84.44242023045949,-128.04042495172175","90.96879642078669,-139.2515469372368"
"72.71573748646853,-195.06210152680086","6.532338118264852,6.980015354974475","12.97867643530986,-15.032870531857252","0.2330478751245746,-46.874851497705954","25.33711071929198,-66.62232893498424","26.410455696202746,-90.46077233541754","24.0274660668351,-132.34673757520156","45.27349933773855,-136.15430577816517","43.16788443437791,-164.35394619201958","59.32336959344998,-176.72058098606598","67.10639671455078,-201.94956585251325"
"142.0,79.0","0.0,0.0","19.0,0.0","44.0,14.0","66.0,24.0","76.0,37.0","90.0,45.0","104.0,55.0","113.0,63.0","126.0,72.0","142.0,79.0"
"145.11131713628785,67.10190189596226","0.46972803062089896,3.860656818232844","16.630863806537317,-5.512320198991183","64.65982126112874,-3.7356598368040004","71.99776372293894,12.119329940191646","77.98344760492533,17.329016686892334","119.70746391675746,26.915474524753996","138.93702666414953,32.72005159760174","146.0138226535193,48.34708096067823","153.3994815312773,40.332232062663664","191.22106296857365,52.279837986378"
"157.64587325454897,47.45647185526641","9.895595270425348,-4.8723643887918096","17.376017495859134,2.9240305628806644","42.11340585995074,19.292544988178307","48.393161352986375,21.292646285017828","63.25349803420536,37.74666921636584","76.0229396860767,42.8502259268106","94.2837766722817,51.939730251273524","105.14147543754868,62.40143230065387","113.96877511907618,69.00561011776531","133.26772886469325,70.67050783986946"
"103.20499400776525,94.43207715372984","1.7709978417618553,-3.141587735942039","18.835419848499267,7.631213060318516","38.830958802268405,22.80617403046977","51.531525993751075,35.35637960807088","66.98138850132388,50.51865989286159","70.76063366531288,61.89196573774701","82.67631337235309,71.5541594812765","86.29291653366555,76.49173918070895","97.64169086835022,92.8001957571434","111.15514514343286,98.59141448808793"
"42.0,108.0","0.0,0.0","5.0,10.0","11.0,24.0","16.0,37.0","21.0,47.0","26.0,61.0","31.0,73.0","34.0,84.0","41.0,95.0","42.0,108.0"
"38.72681556176713,89.23787241348865","-0.2576675505061866,3.824323649177729","2.699765226785649,11.00784114864601","14.15187950752248,28.95358773180473","18.482479159095316,33.391050087253596","26.725656724015494,51.82088034403765","28.79839383249885,60.24663600121909","34.70081658743322,70.11410109894888","38.54509371329954,84.33549421927748","47.151939870183654,94.97337307782193","49.81974198533711,105.16810770771384"
"55.662278919052646,92.90829085696005","-2.763296689160568,6.751928296169897","0.3888389091968286,4.880986495976193","10.88544219215816,21.775588459123277","17.720090197868576,34.747771873657314","30.258684084430826,57.338556763793214","32.24279334287388,71.82284569267001","41.65693679804138,83.48372780982724","46.98886079460586,86.55369753040206","52.086972403435254,111.06505244059124","52.90804673571192,115.34617649733833"
"57.14839149461371,79.24942976921682","-1.6077808064276544,4.464645268820281","7.128459385553886,20.703535904070595","13.07748489474393,25.162856745409513","19.125180537631824,40.00320576450581","29.803457725763543,44.09723027281927","35.48542369166876,65.57698149547835","35.99182928127695,72.21955143644337","44.311724503637926,86.17878014869508","54.103293889032635,100.74247020072076","51.56212093839083,119.38588950904584"
"-197.0,-108.0","0.0,0.0","-16.0,-17.0","-41.0,-34.0","-68.0,-53.0","-94.0,-70.0","-118.0,-84.0","-138.0,-93.0","-158.0,-99.0","-179.0,-102.0","-197.0,-108.0"
"-242.6197255874595,-99.03680575673613","-14.195183875286984,5.374932449710858","-24.73637788722838,-19.886727945285678","-33.471924068286775,-38.19479098481799","-64.14653773186545,-58.517821899706654","-85.98393989611024,-74.91332045742344","-128.3928171730451,-92.2676918358206","-138.4659790452166,-114.39988807965533","-160.6790571379201,-127.0378711377728","-175.96562138978555,-110.51199073161975","-201.08927351463052,-127.68801236329493"
"-170.962398816366,-112.02916656779676","-21.772324169505914,-7.417262355617106","-11.76171635790369,-22.55203080823611","-38.48281318673156,-40.50983089023433","-98.3212373405582,-66.68519552857114","-101.59881815997316,-90.21395030919868","-114.54741668248637,-91.54331353370151","-131.07763681196957,-105.86260021318556","-157.77680539063357,-115.63136233289406","-171.19769121002048,-107.05714156635464","-207.8858407511186,-134.44069923734966"
"-228.93513139606674,-117.75777730091282","9.954457341897221,-10.46276412739641","-24.403063401441234,-4.877556968068266","-29.729326812522,-21.145015744679064","-58.82155904053363,-32.35402422221682","-99.17063495691733,-40.966001649607165","-121.13079577188677,-35.6842091301196","-121.45611441830036,-53.26451919031307","-153.11369146437892,-42.38338407504425","-153.90907941758704,-41.77942995111019","-177.30953019787356,-47.977510852352125"
"61.0,181.0","0.0,0.0","9.0,15.0","19.0,35.0","29.0,59.0","40.0,82.0","44.0,103.0","48.0,121.0","54.0,144.0","61.0,163.0","61.0,181.0"
"80.27818066688522,188.2324523516034","0.7623911175402314,2.8832331702890164","10.443014720010323,8.59145829293624","18.84380174477584,37.250918884927465","24.601756036593226,66.60601179698047","38.907780754197255,82.4407945681439","35.2385549466052,100.49348583958586","36.89927959142567,139.2805271111721","42.6725057626324,152.87902854665475","52.63308809107645,163.10496495356654","49.11890078144217,200.36012567688758"
"68.48627081596888,165.742713684527","-2.2360559770794524,-8.061465509007746","8.845092388085778,-0.23102707005977274","21.495501194985767,36.8755802181986","31.37542532139042,48.18646901103812","43.57811158017776,84.68929224659418","50.965428813733965,103.37862604153005","54.82461213669172,103.81407590846297","63.70432559383566,142.4893510232723","69.00573911233961,164.34430804982733","71.37423058759116,185.26886677367372"
"29.541433337718722,163.86598557906328","0.6608579648860993,0.7344677196933042","3.6468252877911986,33.41463763301183","11.781079763709464,23.17026869945207","24.343410221520358,49.83128923673741","28.56551715104188,65.61914677669355","21.771984604219135,84.87279760573342","26.615190848072913,91.74151373578184","28.571613306313075,122.77496034728392","29.724247287089707,156.02700217544896","31.570042541925073,156.17786974512777"
"-13.0,117.0","0.0,0.0","1.0,12.0","-2.0,25.0","-3.0,38.0","-5.0,53.0","-5.0,68.0","-7.0,81.0","-8.0,94.0","-12.0,104.0","-13.0,117.0"
"1.958727683514308,107.28224346413987","1.817595866506856,-6.879944310387684","1.3665917216885424,3.5773274206805517","-6.554619818513045,24.811073343739995","-12.190753129209572,52.38718779398229","-13.492290447888934,53.574252329269044","-18.426635529905955,73.46111046122546","-21.083751019418848,82.90425046229434","-23.37129979079525,101.60872267223685","-30.780724510590538,111.41260803838559","-32.9166826352586,116.42137381339364"
"-49.07809020715018,131.72987338255365","0.04219492910262024,9.330138724372537","2.023093496241738,15.06427875509487","-0.6481514147222103,31.945010289467284","0.2662516883230692,35.99941710049905","-1.6804660366973065,54.17442400080228","0.48156941317947854,71.51494150299678","-0.8756945534115825,85.71941216471882","-0.8552513272730087,97.85777355929187","-4.068229231740606,108.93205160702803","-4.126910114690395,116.19253059545417"
"-27.60387046020706,109.58963239126167","-2.6022757893367907,12.954222557793202","0.31114655521368306,4.20739938471375","-3.9572545613465815,22.703387849875337","-9.879608788125744,52.04694682993864","-13.66445015500269,65.51197795517864","-13.03277838223173,60.62850597685462","-18.63933371280623,92.18781097262074","-19.030971416123393,89.3314400601685","-25.928406672254027,109.07465553506185","-29.271954216059207,130.21148881038533"
"155.0,-168.0","0.0,0.0","12.0,-19.0","29.0,-37.0","52.0,-58.0","84.0,-89.0","113.0,-112.0","132.0,-131.0","130.0,-149.0","137.0,-164.0","155.0,-168.0"
"136.82941991306035,-195.4765583131207","2.151436732063047,13.760862397966655","10.95910498688069,-21.445441826907782","37.4673337863242,-10.914156638266348","70.47637703761501,-45.427022360092074","89.99799567514081,-76.21820664185279","124.2407059714549,-86.19356403964878","149.67598576920128,-105.04951030715085","148.39032553926205,-112.25192463811246","161.73293840025693,-125.41225686764602","192.5707462496463,-134.36806227261408"
"111.499801037227,-197.10554540619728","10.398108671603504,-3.1375155518715663","24.289903378647256,-8.5945662458879","32.398412224257925,-26.57038726664349","46.982607861476936,-43.57298493276114","83.88975021711245,-59.44621718714584","117.75216383340154,-66.95296831962204","146.73763090657977,-74.5947878707476","150.1920889495011,-94.63212845803467","150.77558374583992,-105.79634219898527","175.0238238936628,-118.2227541510502"
"194.7474662363515,-169.42315700619534","-1.645339326083159,-0.34855663332584763","0.9171834364705442,-28.007997926264206","23.038783400500034,-58.87262504231393","46.40761894745951,-68.64242134206408","73.57874197513691,-102.269303933226","100.33803361808474,-123.57134714989446","125.21716285814975,-162.95995965009456","107.01843117252781,-184.54051884522795","145.65108629877182,-197.8932954426146","159.74415806555504,-202.738476954706"
"163.0,-7.0","0.0,0.0","10.0,0.0","28.0,0.0","49.0,-3.0","81.0,-12.0","105.0,-16.0","128.0,-18.0","144.0,-18.0","155.0,-10.0","163.0,-7.0"
"153.8056183440451,-41.0896718589885","10.431332141592177,3.56839998938704","11.762703234170388,0.5947021838965878","19.228769394700077,2.5617995092065917","49.726963736373534,3.6012557180008367","92.87066344632674,0.339284265779213","118.41807116310518,-0.47043446207952755","143.70205835073963,0.02373594053212358","165.9947175001886,6.0052858297998455","149.2346906149732,11.21187813786535","177.63480388026125,17.220303236336854"
"140.84874466638416,17.33678457745525","-13.938630260709964,-0.57691904282233","9.506939974402732,-1.215479331688231","30.085828153100014,1.2919655193183583","37.777599725122734,-1.4229168491744313","77.8515246006689,-8.67891600874334","84.63611889558021,-14.343975385038028","135.50724418349083,-12.829777576319696","152.15610651966455,-12.72263869428531","171.480728194489,-4.11248684742938","171.74877762086572,0.2874451349426703"
"183.40955217827363,-6.804415859014626","-3.6204285204529136,1.742040862717694","9.757241036194703,-2.069624248647142","36.174239828152,-8.271425924195718","52.979214227415305,-15.650491941499112","74.0942941189428,-29.22812469109772","86.97921963290128,-36.350526466483835","98.88066623459561,-40.69016991548713","116.17951794444197,-44.75438253196164","131.0334612031372,-41.9616041226605","159.18372013036932,-45.83129235322916"
"206.0,-179.0","0.0,0.0","29.0,-17.0","81.0,-51.0","158.0,-94.0","209.0,-125.0","232.0,-146.0","248.0,-157.0","254.0,-173.0","232.0,-174.0","206.0,-179.0"
"253.11663358555435,-205.84107024400294","19.312967845712212,6.854118005644428","31.705792232917357,-14.36982883290347","64.94091934027952,-49.172341546353955","164.89730674323798,-96.68782529504632","203.9561604996221,-118.03422594474613","206.9627382599917,-147.75300629927767","231.33413243324068,-162.89287035072394","220.15631318793518,-174.4802683120249","213.6370373195494,-171.85855123743096","191.49040466835518,-179.67875963314398"
"176.85997214891444,-216.38862377337622","5.229227563905734,-1.5081191315335658","45.61744795733837,-37.25295604986589","80.57310247462671,-49.865785954240984","129.73199279685062,-116.1660875411393","173.56667511362693,-144.03855599573703","238.8516445632313,-183.46259865944853","234.86420266970453,-198.45979058400656","242.95800832004576,-204.73704217618365","230.82955396600192,-228.00127660282476","205.11087705365622,-211.5303787947153"
"220.2398367213881,-170.00513781491563","1.4772303301594905,3.5983377364415055","20.071795343754427,-18.46315986858827","71.06071745340756,-74.24802766922178","154.34877516949896,-110.73281718688325","212.59380885282746,-208.3089086445318","209.0537547771605,-221.95939976616947","196.36070426900608,-223.0263683494459","269.62186522790944,-262.29828824865587","213.31869222808538,-247.53809411007546","176.662397705488,-248.8494438634329"
"81.0,163.0","0.0,0.0","13.0,16.0","26.0,36.0","37.0,59.0","49.0,82.0","59.0,101.0","67.0,117.0","73.0,132.0","76.0,149.0","81.0,163.0"
"49.374580535860304,165.82020490763662","-6.065857407207044,5.00256043886297","24.47118259200525,28.932725383495285","47.07155660578468,42.533904381141596","53.63702980640833,60.395481475725504","81.64526125343778,91.28674603058451","93.40773731714351,88.4261678307148","109.83262595003764,134.0185244116176","118.44807935788964,128.46850453586796","127.04663643092191,162.07196447273313","143.47276353057876,182.20030837370356"
"36.23325620400355,161.1187553593658","-10.917028033485995,-2.853509948954939","16.36040387418081,13.89964731790604","45.502457273470945,55.431222653058796","53.8731156220175,65.3591088228242","66.87588450240229,86.12643408913422","80.88441867814916,97.17350444545312","91.03579158823456,107.69922240973358","95.81125002124915,130.38982734352982","108.63475208139016,151.24494581742135","108.53416161751234,165.70231038047328"
"73.86827573347003,153.9649836476387","-2.2896177049894946,0.7028761017367711","5.96922993385971,17.94214602314573","15.91481063300115,37.525775932886305","18.01073356771257,83.7873599073713","42.96040200497238,80.43967643904476","31.718847186619257,123.2496407475209","47.12628168524774,130.36212043777527","46.02444959405884,154.68929443573938","43.275660230504926,167.47198635236137","52.15726443036714,197.66870804896013"
"179.0,-102.0","0.0,0.0","13.0,-15.0","38.0,-37.0","80.0,-69.0","122.0,-100.0","149.0,-122.0","169.0,-135.0","183.0,-139.0","185.0,-118.0","179.0,-102.0"
"146.60207725650633,-82.91798314157101","16.330413446693324,4.012439532411873","21.339230935786723,-16.89887562002052","7.018725187511127,-48.23660872587946","57.70301168213486,-84.9246858681061","125.47346346382993,-119.39274624115424","147.78526542236708,-160.2805292439457","172.13482249651227,-179.2100995899261","151.5405212370131,-174.12012887653216","170.1046761618982,-156.49371717363152","177.9137923686128,-134.67817369007653"
"145.13855260540333,-129.99297151593194","11.026150566933099,3.7863546444809666","19.266255317342157,-17.40089843739836","49.19115423374105,-45.67506984249355","83.89009684733539,-96.81071435167672","110.63861558710813,-137.1627744036238","143.09794662590215,-160.55174545303498","154.3664434685236,-192.9117857514033","180.60613776550156,-200.0806268714568","176.82754269922128,-169.1878200047719","160.33290423713336,-149.0796096278031"
"190.67146415362419,-111.34458146748409","-0.48695706763289903,-0.646527408600127","27.62968013680997,-12.33780869790743","18.194700735707606,-35.33214596996425","78.48581370746584,-66.07083862017325","115.69498599975812,-103.64624367103573","156.37509984428092,-115.86860577205825","153.58418528186056,-138.1691321914304","186.50692775345905,-146.56722876286796","198.0150871462865,-129.63900891231305","185.84762668508566,-106.9805616546509"
"-29.0,-37.0","0.0,0.0","-2.0,-5.0","-5.0,-10.0","-9.0,-16.0","-13.0,-21.0","-17.0,-26.0","-19.0,-28.0","-22.0,-31.0","-25.0,-33.0","-29.0,-37.0"
"-30.50412298163739,-39.71161225448448","-1.7736415286665874,-1.8052470793897095","0.10095522514779587,-6.740598629061203","-0.803877369400519,-15.845827874609121","-7.006035296374531,-19.92304541343371","-9.624297612519031,-24.45319774848651","-13.595047921848552,-34.16464769607427","-13.91537366742519,-35.25605521374827","-16.964307436254554,-42.36815360762921","-18.963576160829874,-49.187637284359084","-22.524201805149964,-48.978785977855324"
"-30.046834105163562,-32.181605319631146","0.736719514157294,-0.8427019376134742","-4.576166902005585,-7.833049060535419","-4.904447496672969,-11.618595195750329","-8.07656479246527,-19.023567928832833","-12.764849427928983,-25.46357694524486","-15.310582725574482,-33.374465320636375","-19.36863717192061,-35.94437913657531","-19.502885313650875,-39.04849670703446","-25.176099234775165,-37.56041014081322","-30.168437222106164,-46.49746190671397"
"-38.43539516181883,-38.67196908976789","-0.27157463928001047,2.21040668739783","-2.1906497082312737,-3.504854240778122","-4.304723480393245,-9.910852749178543","-6.608377287371256,-11.74485428000667","-12.901689481906557,-18.410060279200255","-15.37685597154246,-25.544683628838673","-16.579265925386835,-22.668694671732965","-19.084121009104337,-26.718486713828543","-23.589799690932576,-29.194250655813182","-25.5613040552926,-28.87763359609617"
"54.0,-134.0","0.0,0.0","6.0,-11.0","12.0,-26.0","24.0,-47.0","35.0,-64.0","47.0,-80.0","51.0,-93.0","55.0,-105.0","55.0,-119.0","54.0,-134.0"
"60.95005879630946,-134.35940865355627","2.1760347843001666,-12.47955424105494","10.779081622049231,-10.803163974359109","13.527758097642689,-21.554266507879234","29.642566758737846,-35.602812401476385","43.14901194313657,-52.84338180597259","58.71484912629698,-64.81069566848339","57.582450943324694,-64.29958823858244","60.056370264718296,-67.99877951790477","62.68304217886288,-77.39886636278922","66.16630071588568,-103.57707916749928"
"50.039288960534925,-165.43732905337689","-3.661197687754797,2.0656073335853073","8.966788028600995,-18.05054835543028","18.996566712294555,-27.496094332378465","39.33067878556791,-49.09465701324678","56.30464761157754,-55.12209597367007","67.80397513186435,-61.59678420569543","77.99223564631518,-93.60183595316137","88.31898725072132,-114.23964662695307","85.09900839851065,-112.98071969408204","94.25741099168607,-130.08268632783034"
"63.249816324488656,-154.83038153795508","-2.5972668652439674,4.680752788872365","11.948137861279747,-2.7179945001310717","13.130925816997028,-21.4140531551269","26.694368305457225,-29.51376163522398","40.826157706028525,-56.72872306232291","54.278184968731864,-51.61318660041399","58.21600676329643,-66.85312211523723","60.75225917257181,-74.62177473275624","60.32180243727535,-83.37077078564461","65.94875378675707,-107.7615366176442"
"-39.0,-45.0","0.0,0.0","-1.0,-4.0","-3.0,-10.0","-8.0,-18.0","-12.0,-23.0","-16.0,-27.0","-21.0,-32.0","-27.0,-36.0","-32.0,-41.0","-39.0,-45.0"
"-24.25639584850546,-46.95378272108784","-1.1650837126044336,-0.6408873196108896","0.8460336326669433,-4.767369771916838","2.9964057441472955,-11.475807901059413","-9.153087783229562,-19.425770919079785","-13.45413778047437,-27.389579980201397","-15.063886291319234,-34.68852087170564","-21.29618384728677,-40.33582909680636","-28.23630907172402,-40.251039732979976","-30.944070755908033,-46.06533982896156","-40.51692150377528,-52.21557550103074"
"-34.944448419954256,-44.041678194835505","-1.9101453691894548,-1.5771063171398794","-0.49880266488730834,-2.4784112610084343","-5.410383333854542,-8.861934474140044","-10.96388485002154,-17.84068682381897","-14.084476520495167,-20.43669824531054","-13.122305335931534,-24.33608435157988","-22.052042400192548,-27.506297834581","-30.49712887366582,-33.62667054761951","-31.46123581414565,-34.779857570520186","-41.64239676632104,-40.70342737822714"
"-33.24868938756306,-62.64296847371074","0.19563711147595442,-0.21506286426388083","-0.8966681387590628,-4.868641569588679","-2.6755391645233586,-8.239402379120998","-8.798355362713526,-17.00768059908523","-11.725384672963022,-18.856092440508842","-18.36529865498689,-24.63097680234039","-22.792133518451987,-23.994621291434626","-23.131637883863153,-32.146500435969905","-28.89122491086964,-35.075073461855524","-35.62800191260108,-39.18985805836593"
"169.0,78.0","0.0,0.0","16.0,7.0","39.0,18.0","64.0,32.0","86.0,47.0","99.0,56.0","115.0,64.0","132.0,72.0","151.0,77.0","169.0,78.0"
"160.1651129765151,131.6907815471517","2.596213865713487,2.731254379502627","11.752098362143983,11.00606399762284","37.84344639234722,19.24062395960742","54.526297333888046,27.90386552697908","64.14343325958122,47.071826063815415","81.41774193640931,53.22223289533289","107.04127385206978,55.35698604372445","120.74282962548527,69.55682064357389","131.60710052282406,73.11223151076561","143.29170541766416,77.67369664155919"
"157.12870327405255,119.42089146700786","-7.672239189729421,-7.42623178089627","3.731109660702655,7.8105417587042645","32.2277945745203,22.225439512776273","74.7503600098248,40.37002350934513","93.6643423388624,48.39930829666353","109.86814223299102,64.13636448965829","108.01979226509786,74.99687040600628","137.06714090444996,80.5139801681622","172.93720887299435,88.506172537518","173.17897765248728,87.0377521922036"
"153.84273669967502,86.92377768797387","9.950644964727585,-5.161214592131636","32.14503662325266,12.822690517377875","40.03799933844677,19.979222883476325","79.45736498399494,40.85536052475658","95.5778573996372,60.71004825409605","105.71724214677481,64.83537340855632","122.62549706841463,77.94720129613421","133.56019961085036,84.60168960949541","169.89900729525908,98.90340499602726","177.24528351868807,100.51766025169509"
"-95.0,145.0","0.0,0.0","-10.0,15.0","-27.0,32.0","-43.0,53.0","-63.0,69.0","-77.0,84.0","-88.0,98.0","-93.0,111.0","-90.0,129.0","-95.0,145.0"
"-65.84180253922833,192.8232823800276","-1.3252560616827038,-4.214100989750449","-14.295450808205988,19.142758836847477","-22.070700926987413,20.835741322088783","-48.47999322796496,47.38218400299977","-68.67954029607282,66.10838711888414","-88.21942621967757,64.02802044260906","-101.3348909423537,84.46657191298479","-89.56449601881108,105.23385113613178","-103.43848212492051,128.92558814839145","-109.77805211863986,131.33159436908394"
"-141.85765130078858,130.60603704490433","3.368488990316065,12.045925006720298","-7.5853988919341795,28.53298298395038","-29.76898724741226,21.945195851221637","-38.22920032880296,73.98302466632757","-64.04951066147675,73.71078630786032","-80.80587938909947,77.47436128828211","-85.11494894153219,85.23775572342211","-96.59051279797173,107.95817330555487","-79.39226605508996,129.9418031843615","-87.89381456421775,155.9812191401995"
"-87.07584535677182,170.9652288977259","-5.89048108343044,-5.393234423963478","-2.090752920180203,18.471120958544084","-25.868412475363538,15.169378772119774","-36.174233931620336,64.8062634081417","-42.47898768846475,80.58779889466699","-53.07189891600521,68.90065728059672","-55.42156752254392,95.39129226592333","-59.48301125083637,121.69350931643173","-54.3865060563633,135.79020810486554","-55.07411095752219,140.23334304358602"
"-46.0,81.0","0.0,0.0","-6.0,7.0","-10.0,17.0","-17.0,27.0","-23.0,36.0","-31.0,47.0","-34.0,54.0","-38.0,65.0","-42.0,72.0","-46.0,81.0"
"-38.19196895565465,71.20273436905664","-1.0257464361701907,-1.5735482608420255","-7.43247146643524,-0.13925998942977857","-6.007887392485529,15.84357953733156","-13.061265699714276,29.85580730971897","-19.310903104956974,34.949016499551654","-22.271321141135513,41.233273263286016","-22.70801650541754,56.29713878097475","-26.57856743567618,63.806898726990475","-28.098168544585306,67.7227437519572","-36.18001631909793,73.4065640496766"
"-34.87094546343335,88.89515225430524","3.3633885713429903,0.7923231886481045","-4.057197942245458,2.759027213915386","-10.412209017718723,21.44305067160481","-17.223147142652437,24.737047327896974","-23.957738799837564,35.06254682580521","-32.32882459218201,48.52783427385293","-36.929355328499916,58.73800124623361","-40.29713443649015,72.3055262838298","-45.67931291822193,74.02369795889626","-49.073875056686255,76.38406255277978"
"-27.676039496536838,81.45532147973601","2.0015560902984046,3.6292407348177504","-5.768339566935002,2.3917938809598516","-5.672317360950336,20.81044803009636","-10.82917579904516,31.129178003625853","-15.849762505896074,36.32630886725341","-22.266388859287122,50.99559690717822","-23.79410618442158,54.053126541088695","-26.796614518645463,67.86434646671654","-28.35056067790774,73.17586355218383","-28.980390713891392,81.5979213719574"
"-191.0,-154.0","0.0,0.0","-22.0,-14.0","-63.0,-37.0","-104.0,-57.0","-142.0,-81.0","-168.0,-97.0","-183.0,-117.0","-190.0,-130.0","-205.0,-146.0","-191.0,-154.0"
"-183.0633884710474,-208.19487472575491","0.46242861020721726,-6.926476251728787","-40.56634417126299,-6.9255862036832445","-68.32435089466908,-24.201440145116607","-125.01397557127808,-29.854676461651742","-160.42312215131147,-61.637654385112874","-190.42952447608397,-75.76762938820144","-194.84774008481696,-95.33956400564514","-213.35198791165647,-108.17097770684937","-211.35574008785994,-115.88521872084641","-199.77392883646277,-138.98635840146244"
"-210.09852177283912,-123.21987842281747","-11.286672727832942,2.8842234349828226","-20.744162102073986,-20.087373736633907","-87.29437198984124,-18.25807134599166","-86.91518790676881,-36.75220490793204","-138.5221980856791,-51.06851607472268","-149.49233511955583,-57.78747005658782","-179.4763728503246,-78.83792731389225","-188.44447053807855,-88.53275930201612","-233.31924987835433,-89.06345294233482","-208.78687983245138,-97.40684760250284"
"-172.28767722627353,-94.31324434181198","-9.525222647358753,2.799508922323805","-6.047055550366153,-15.41291673639903","-74.0229304747999,-44.43020981699112","-74.14349081005453,-74.97481794154032","-120.13723634024201,-105.93974861174291","-136.81396476679046,-111.18411951153738","-152.196843688246,-138.80555943326658","-162.66664750213437,-143.62669719629025","-181.68468758223963,-170.45380692641837","-162.20647419150282,-174.7693304241119"
"-58.0,91.0","0.0,0.0","-9.0,7.0","-16.0,17.0","-25.0,27.0","-34.0,36.0","-41.0,47.0","-45.0,60.0","-49.0,72.0","-53.0,84.0","-58.0,91.0"
"-81.03782845750638,74.27358106267785","0.23494160138815035,5.5091914444926235","-10.057928395537811,10.655188274524077","-11.658352299766674,10.762022046169186","-21.661686956767593,31.206832073831023","-37.08512527671323,39.349513802243116","-38.669106989320014,46.64275540891234","-41.86155581371581,61.147605666218965","-38.891284122699865,71.02248916604293","-45.122715468639335,79.61837042807122","-49.76497821078758,91.91974792933685"
"-55.748237816265444,102.92318947440991","-0.4591728649677311,3.4618439727084627","-6.063131284963558,0.3448051764042358","-23.98443604472898,19.28612564452827","-40.114182756953326,32.90384094307961","-42.32141819460112,39.25097563720506","-59.50800012693598,40.167282932337706","-67.20694192765862,63.18900125383575","-69.58310102069628,71.62973066420537","-72.17934330819813,86.25835687973291","-85.76268740549013,90.79586387019273"
"-40.61859293406488,104.72284198414435","-3.4191659111626524,4.978231859154843","-11.868267242757616,1.3200587562853086","-15.971310601189078,27.16471661007123","-19.511792937070496,30.03475022942052","-21.720559347121593,53.41433645814483","-28.791630087767075,54.97608218397168","-31.269744608714646,68.29431688792418","-29.62333008261809,90.82667244721891","-32.505790763584486,101.41615886351877","-31.79090151461859,105.8590136707875"
"122.0,177.0","0.0,0.0","17.0,13.0","37.0,33.0","60.0,60.0","82.0,83.0","91.0,104.0","101.0,121.0","109.0,141.0","116.0,158.0","122.0,177.0"
"116.44028182900499,128.4491449755029","-5.9195331634443065,-4.049674927875974","10.521148464948539,16.079200809492356","21.123532470143196,29.4197952526359","30.792315198084985,61.82910511325838","50.23701154949495,80.858548034552","46.552142445752004,93.31622791373623","63.0153248396543,111.27587395692393","61.28290331436284,119.66565133013397","55.89773927736326,130.6629577799845","71.56234565101803,152.7676043189449"
"159.72064542043552,140.87584745312472","2.2245244425107975,-12.809184913766694","20.357913323588456,11.775596291355072","43.45111641036606,34.83311000218032","58.18881275339751,89.43407749493811","85.72982449607532,98.61120881826074","90.60497106014117,118.80040077484175","96.98732202550757,144.4667211385452","119.12892100794859,158.74483784526393","116.1850935802054,171.82391940780576","112.3960693778481,196.56597058579445"
"87.74244218633251,186.54238694118973","-16.375577730162092,11.645024512023303","20.491648148139753,26.570383485299235","43.77572647078488,26.70269914170817","83.41965015462895,60.785046214634605","109.34184287392526,84.98488427456455","127.39003224015079,107.36844792721406","126.1872431512557,120.18663061487901","146.57651442846498,156.91666076606649","171.29693530246632,175.75910808203528","178.9954891454452,192.45751299868866"
"-176.0,-11.0","0.0,0.0","-20.0,-1.0","-43.0,-9.0","-66.0,-15.0","-86.0,-16.0","-103.0,-18.0","-122.0,-16.0","-141.0,-14.0","-159.0,-12.0","-176.0,-11.0"
"-152.38730844586135,-6.361435208436474","-0.7423670069324312,-0.3382299338285756","-23.283609076747823,-1.0037418585291014","-38.80002251856415,-9.696524151248905","-57.50700786977873,-14.67652292445143","-76.57206321141344,-16.721503483581326","-93.52609629352105,-18.896991336587952","-116.89491028714738,-16.92488178625346","-141.56810207527764,-16.902821789462703","-136.80044269857905,-12.71931948540549","-149.6485473918879,-13.642374679609166"
"-188.11922513697078,-50.130278896775664","-0.9304571952776262,0.8694917583658803","-32.034310301517486,-0.9428740962492841","-46.84277621212045,-12.816488745782426","-70.19305245908308,-21.696028949363352","-94.36153135882412,-24.26520182843169","-99.52146251254713,-27.32556794688787","-137.4711926560728,-27.04901842824263","-164.23521062575438,-27.64013737086986","-157.1270328989422,-27.287926645020647","-176.6667090600314,-25.21372317934938"
"-165.28645639545832,6.184979667689639","0.34698216270679616,0.2951309920702471","-17.213512110101803,3.531672900654955","-42.960469201083576,0.50034616323215","-66.19041940858546,-0.9114954788119647","-85.9839922466748,2.845971253567276","-98.89759892922552,2.751485301042372","-113.72159930895405,7.88794402781587","-141.18774007840568,15.937535273909647","-141.2769114351074,17.481273141087968","-170.0918724816023,25.40730487245569"
"141.0,-33.0","0.0,0.0","15.0,-5.0","32.0,-15.0","55.0,-27.0","79.0,-37.0","100.0,-47.0","119.0,-53.0","135.0,-60.0","141.0,-48.0","141.0,-33.0"
"121.6734046006669,-39.61800194030033","10.52841735298256,-1.2537043050703427","4.560852942404239,-5.46289382697804","36.142052507976956,-8.881121126617817","61.91501542337148,-4.425556212591932","82.96545702352189,-18.41948817151628","107.20443092755794,-20.408482027732504","124.5119068362976,-20.64008813934897","137.7167793568748,-26.645341634548565","140.51546119293596,-20.560785236679244","143.26959607527047,-3.1044564836570103"
"121.25208990164603,-25.566986759304427","4.304019603391643,0.07950918091580378","3.5788712826995717,-8.191670209196214","44.52433234552819,-18.259599521963896","66.27754183495122,-36.06847876208204","83.8181383929522,-49.22619164755366","101.64635020842006,-60.53032046844895","125.64397626320404,-69.56133884128822","123.69200109461707,-74.32832045414153","149.53462905791437,-65.57585657807525","139.10035855466185,-49.70514253229992"
"109.77163464004539,-38.72598031605904","7.1873766278602575,1.4879372865197085","7.495712071712363,-3.4249635002124004","28.243825410596276,-3.86532444355003","50.5679246894482,-13.188325120447551","64.6398596446512,-24.523233816807075","80.79462664834313,-28.860318303168967","106.75592902136945,-35.40802281743727","125.27731985170729,-37.617024354364275","120.91990727570254,-27.283090684461705","115.83848119124553,-13.090706337934236"
"-42.0,-84.0","0.0,0.0","-4.0,-8.0","-7.0,-18.0","-15.0,-31.0","-22.0,-42.0","-29.0,-54.0","-33.0,-62.0","-38.0,-69.0","-41.0,-75.0","-42.0,-84.0"
"-49.92946028146116,-97.39752598786563","-3.7806499972576826,-1.9451193386468564","-3.840744222667956,-12.164327120263533","-10.232940071684924,-19.129738269227957","-18.37860006932332,-34.052534022360895","-32.398942938194516,-40.01326309602484","-40.64091629728839,-58.05262743147262","-45.203214962180986,-62.193286431126005","-52.02087227327571,-74.29732157322633","-53.63480145902894,-76.10292508951513","-56.69811821220334,-80.52941325138583"
"-40.82396347623148,-91.09911359300872","-0.9153214341428019,-6.475265277298662","-4.5712676500256215,-6.766705834499199","-3.795957038500645,-18.460858790297085","-13.852810133767058,-27.505052871313623","-15.8703881050601,-43.31864566078618","-20.40798227783649,-54.29812917737406","-27.357320042156765,-64.15237626598588","-30.94309066058729,-67.11624658055405","-32.89886160426647,-80.689418498149","-31.116216943055292,-87.73706033374003"
"-25.780273269411317,-97.84981534389397","1.453124897233372,9.179112976466772","-3.256535462862182,-8.320115976468415","-10.78250098584962,-18.78860221993526","-12.758053657162588,-22.384698312761916","-25.943387712031623,-36.412359924374584","-32.32688769821295,-38.59162955623838","-36.73372053761513,-41.13540983703494","-43.24165863934561,-50.93976810334475","-50.77540934472628,-62.566641186847626","-49.52149006456895,-67.36095610666625"
"141.0,-77.0","0.0,0.0","14.0,-7.0","30.0,-17.0","50.0,-28.0","71.0,-38.0","90.0,-49.0","112.0,-55.0","124.0,-60.0","136.0,-64.0","141.0,-77.0"
"156.3467321728302,-86.53880896742322","9.760349106,7.221518732728672","14.495972177227323,-5.4299328929865","27.92000689600364,-9.519298907888938","49.42983194183701,-20.5258566932745","72.20105637502623,-26.53031973982358","107.51642921135395,-33.56030251263444","112.70261252812782,-33.71055944050269","133.3539762345033,-40.461051007237046","147.26024633300773,-37.04020114245025","157.2095180611181,-52.71292745990142"
"115.83443375165919,-61.39838954924192","3.2927948395017395,-2.74902572582634","7.034130211498045,-2.539381345559767","15.1829643650535,-22.075259632514936","40.28892828896726,-37.23322966798261","51.23072620129369,-43.44390131059624","66.06259517646194,-62.88251907541964","78.59094004693941,-76.60484271543349","94.178932164545,-72.63982231609702","99.71828583450753,-81.09881434989924","99.70041941257614,-88.42570592215895"
"129.13518658646908,-54.41945424002464","-6.30001483108326,-0.2061845911617326","11.89361624699663,-17.330509884622558","36.01506096793026,-27.508025434777245","45.38800889040604,-41.95983240573811","66.2003572683703,-53.90443233933034","95.98180929184727,-68.82612443787852","117.30935230272028,-82.03895633575674","134.68435248433263,-86.77058316386503","120.42741774870267,-83.37245139226775","141.59143210834583,-101.11917006062868"
"39.0,9.0","0.0,0.0","4.0,0.0","8.0,0.0","13.0,0.0","17.0,3.0","22.0,5.0","27.0,5.0","31.0,7.0","35.0,7.0","39.0,9.0"
"40.972104631665545,1.9967459134697014","-1.954274474983485,0.14099039458909374","2.1571069907818927,0.612653101448551","4.227647035782919,-0.1347854071976577","11.464950588172751,1.7367974055985362","13.658189035854225,3.2558116793243084","22.066470187436405,6.942683175983401","26.26798490468329,6.821788750425339","30.959367971037306,9.70905249142948","35.736258091484196,9.241393107723267","34.221877641694434,11.108883935743185"
"37.263625974896534,6.655504216144255","0.6727215920544592,0.1395109253833283","2.0877106625903,-0.2681076777333794","7.533370705273567,-0.13501925553711108","10.24111900121853,-0.6540025864737031","17.18908348572629,1.732762601809471","19.274537352015475,3.424764213964778","22.10581956439159,3.086152030022621","31.057580333757837,5.006652066925402","31.440784156956603,4.5568729864554225","34.1234585116108,5.961122390070234"
"35.41901636838525,12.47617752600253","0.410446607541453,0.3200718705795068","3.7132966351351806,0.9272354230871389","7.257922494145525,2.4267465059663236","9.398632442444399,2.1434572966788887","12.687517216105343,5.786702282273978","16.331349232759997,7.826293740259542","22.413991033114232,9.24297609955972","24.7670206842783,11.660707860884092","28.841325287054744,12.61942413032454","30.641003954826136,14.906555051359717"
"-60.0,81.0","0.0,0.0","-6.0,11.0","-12.0,21.0","-18.0,32.0","-29.0,43.0","-36.0,51.0","-44.0,56.0","-55.0,62.0","-57.0,70.0","-60.0,81.0"
"-72.3785515334926,68.0047482082172","-3.4127647668245586,-5.277518819969657","-2.0728461652147647,7.3616997242538735","-10.101284369932745,30.19348385916388","-14.719321593132905,50.17097113239194","-34.487567977183375,51.71136752722074","-39.07345388046841,63.342942631659085","-48.760680306400246,75.22004612092293","-62.887323149614055,73.04136270171537","-56.65284163776245,83.91359015196798","-60.758846134840994,98.81949806628486"
"-71.26708475497544,64.51997335413502","0.0521205713131695,-0.7655508711188422","-4.237562341740578,10.920995755443313","-7.882398447323946,21.961996201995596","-15.267632562116349,28.992132505133466","-29.10878648983928,35.35972712079468","-33.0614566600462,43.81416543301739","-39.33727893598369,51.222879433318305","-50.80940782384008,56.91767738126606","-51.480975501271516,66.8382008820129","-55.78124863154715,68.06592562424136"
"-66.79973769564518,65.95960326209371","-4.799302213498201,-2.0113728206262023","-7.102127121892685,8.139175199554455","-22.339649947094866,28.776539487706046","-22.85272375559311,37.483551591825304","-38.18367936187378,44.58831368148288","-45.45914861725491,48.446236459568254","-53.383435234780556,50.67696940212881","-72.17901735241195,56.19867471198002","-73.8836858191323,69.37558257884676","-73.03763326822823,75.76048634643823"
"-138.0,186.0","0.0,0.0","-11.0,18.0","-31.0,45.0","-58.0,75.0","-81.0,98.0","-102.0,121.0","-117.0,136.0","-123.0,153.0","-131.0,168.0","-138.0,186.0"
"-156.06131736057435,215.0676311253527","-0.6045961118228709,-19.445090450883438","-3.935297705885122,31.205504252649767","-17.960213560371177,36.98404011240081","-32.37493654649176,67.96742291742423","-62.688864623815135,120.83127389072034","-72.90579379992167,125.76619942769739","-87.39517034753833,151.96141053376857","-73.21375916431012,153.59058975664794","-95.18012140696113,169.08886244062506","-92.52743216453378,199.50487812935393"
"-83.34934381362874,198.13519506168586","6.495520210944189,-14.606302492440557","-23.565225800571895,12.898413406792288","-25.195116057313783,19.269311996615603","-67.27914756929472,68.55190131904703","-71.197144866694,75.36167556199896","-121.39954806072227,99.67759232941006","-124.43109236397076,112.76862592923327","-137.39151409498777,134.18629375781887","-143.5090107704696,126.99407598578142","-162.10410010640874,158.49407973904195"
"-138.43643119452835,124.5288394186539","0.5395615136400485,4.475742337052056","-1.3545621738616607,22.627715276725976","-32.38069329773902,62.34802535661903","-49.378964041969695,96.979293754084","-48.83332313321071,113.53468649041943","-76.88567058451066,149.09227930098615","-93.88688502137961,193.04342484837508","-80.4096275781533,214.42139419661754","-92.36517644155859,231.495115395163","-109.56411570122955,250.46563431715555"
"-88.0,33.0","0.0,0.0","-9.0,0.0","-16.0,5.0","-26.0,8.0","-38.0,13.0","-50.0,16.0","-62.0,21.0","-72.0,23.0","-82.0,28.0","-88.0,33.0"
"-85.44077471280231,11.95227390628484","2.181667075323224,0.9873980918296664","-7.131297780790538,-0.12262581004791695","-17.878629404990885,9.727705649496727","-24.931428521355087,12.7951173681155","-36.213757319537464,21.32923997822006","-40.104624886532704,26.948265487202836","-47.20715240881584,32.72922010601527","-57.72555349008857,34.89055496992762","-59.2857135267832,42.929417201467786","-71.7227721946502,47.09992597724214"
"-79.07899173522942,53.08321514843949","-3.5116240697528855,-4.610979985616181","-10.75483824275642,-0.8724476238448546","-21.52682322570109,0.7828093186291616","-32.27423217395931,5.594428655162931","-43.58938892398086,12.000021338219634","-54.83074893501489,15.253594711608","-69.47858068040073,17.105670494580608","-85.4117890043542,19.599618825206132","-91.80520945220141,24.75995373815353","-104.5598535669296,29.494126220883103"
"-88.66261736990208,54.968661311351994","4.34529577466211,-2.253359438769171","-10.903703601142112,0.33939509890349884","-1.5816181531935944,8.318127048050519","-32.111750673111025,13.650405927695777","-36.96334180533223,20.624784992572817","-49.569635904925434,22.757803684015954","-60.33809297923845,28.524706692430364","-90.28031541177786,36.60137989820381","-90.19050602522995,43.890844153511665","-92.51654308207407,49.2538336925363"
"24.0,131.0","0.0,0.0","5.0,15.0","10.0,31.0","17.0,52.0","22.0,68.0","25.0,83.0","30.0,96.0","32.0,109.0","32.0,122.0","24.0,131.0"
"14.707897633463986,144.15665037925862","-2.386307694466899,1.9356921911919924","2.469596287146123,6.863815772973951","2.6642492603787336,30.424822139011155","3.756804432097965,54.139351554001834","7.070176514270008,72.28527198299666","7.847978527410433,76.79048515232891","8.762710148206224,108.86892134338255","6.02845304737664,110.67115071660974","4.246316991243159,119.31421760065437","-9.871499285577137,127.31156725495418"
"28.340738441541106,128.73452955091108","-2.034171746147961,-4.905809930632315","8.174411091801348,19.83977629868667","13.701840907998587,22.484047754203353","20.601380740625395,54.94778806874403","26.381924292715002,69.75992738207975","30.034914140361526,72.90290207658148","35.58501808364425,87.7684302765449","40.64448391803799,106.01606019731427","38.286451773118806,121.39396036682507","33.50272938212311,128.6540902504741"
"36.223358795508524,122.72663250027239","-2.9293853327771013,1.1548179643576189","6.209970990643247,27.418330348373786","7.204672265088709,43.44721245881394","17.773899012972073,59.57891711603744","23.93658231464671,61.211402110524055","28.802787560841377,80.75801155111492","31.039774340262024,111.76066101711643","32.38542737724709,115.81783047909803","36.80676959676878,130.57179425162454","23.78971670390959,144.49205757795252"
"140.0,164.0","0.0,0.0","20.0,16.0","44.0,35.0","69.0,51.0","92.0,75.0","104.0,95.0","115.0,113.0","124.0,129.0","132.0,148.0","140.0,164.0"
"174.1012815393907,156.91338275260622","-0.12154303477899844,1.4154253773573786","12.135840747624416,10.730966947163894","50.25149302283855,29.095586807899835","65.49775209751392,50.497385137394346","100.77172663071913,80.52537643334897","115.4992167047132,109.80536766744358","142.6514688275366,145.34277964327975","134.93877230007365,148.3794992901649","135.21095835555258,187.73157269542625","149.8089738258028,195.2129840069509"
"145.3768793935744,116.57463379952908","-4.690459770623715,1.152996682087836","23.17722385909679,8.851211171060424","37.69883976871837,38.1158806094449","84.5763387606979,54.3222852950126","92.18906389592173,77.68056718353242","118.4038901466475,98.28876901797629","121.92530302828392,95.95523929328502","144.81437222010626,117.7495347513635","153.84620683140182,151.77071377808005","147.9304229141182,169.71124962000965"
"93.88587874224075,193.36210175704292","-10.223591060033183,5.606639698131776","40.87092165391433,14.103602777430055","49.26456178562407,24.882463961688863","87.21345537096559,30.78603373987442","127.13673614232367,64.67849661542209","162.34079947779048,80.84212315645803","157.35636693524353,94.71731086298857","184.32730990705716,114.82690749282702","190.01651568169203,114.16117341519202","210.88120293199157,129.9805650860232"
"28.0,15.0","0.0,0.0","4.0,0.0","7.0,0.0","11.0,2.0","14.0,4.0","17.0,6.0","21.0,8.0","23.0,11.0","26.0,12.0","28.0,15.0"
"32.76313050913691,18.59434921897205","-0.802519715652842,0.9406218544139191","5.590171502533614,0.36399610067531096","8.345479039461013,0.08652433765736212","13.136331884515402,2.299443441229979","15.166659667157786,3.981104117451557","17.30847357810576,7.295180953236939","25.344908870862653,9.004346713299643","25.768182436365333,11.294895303581363","27.589025546339997,13.394904168840005","30.73430880994543,18.039763180408084"
"25.141208468889566,10.201913049525523","1.4101492567856793,-0.2590507683483637","5.828651617238194,0.12592296648479878","5.749618144338638,0.8271582833217925","7.811356732577705,3.5362650891294147","14.414066085223734,4.4908076579626215","17.52247728095421,6.456398060196119","21.386342250006706,9.056042982701076","23.01522569397755,10.914013430867014","26.85315193573146,13.26339037918521","30.258661971287147,16.041515746372394"
"27.488139235838904,14.576035191988966","0.13020714863817978,-0.2602644378428491","3.1613774442959124,0.3342661349919313","4.41569741751716,1.0449712244125158","8.72179023752806,2.6352117253395857","9.743437266133638,4.423500120171661","12.70853775720031,5.089028047237076","15.650415124970735,7.729533188913363","17.565660985000527,10.561059568858642","21.51664062682673,11.636072994989277","22.49986867795809,14.74589881056769"
"-45.0,-44.0","0.0,0.0","-4.0,-7.0","-9.0,-13.0","-14.0,-19.0","-21.0,-20.0","-27.0,-24.0","-33.0,-29.0","-36.0,-36.0","-40.0,-40.0","-45.0,-44.0"
"-40.72875114120606,-58.85164978272144","4.720410322702563,3.0214921874625884","-1.9230371761487024,-9.78457781099578","-17.999075384975633,-14.179323555556536","-19.377990871837643,-20.192632716961143","-26.971198189748293,-15.730683712341154","-32.586821154919825,-21.244206514225006","-39.44508872031313,-23.814172774470137","-48.114811755958705,-30.827083888620407","-44.588394926383046,-37.33408356722176","-56.58090472882827,-38.97514667300172"
"-46.19382563223045,-37.23384105264118","-0.7538262532188802,3.8342314989043556","-1.1722399727704815,-8.240756966535175","-6.578898648872139,-13.019273711198146","-11.028464359023513,-21.833750230608462","-14.529214106954033,-20.096871444170677","-16.622071132242812,-21.836121028518953","-26.25174330968685,-29.268212538775995","-26.907637864575918,-40.247551904575346","-29.78862688595387,-39.07074478885662","-29.9655304990257,-47.83003103571254"
"-45.73684741536173,-36.31700147787551","-1.5403759711866973,-0.3872979913986291","0.2080898288603799,-11.666434790767253","-14.90330561054964,-16.352692181118947","-13.81555960664412,-19.813310709541625","-23.715824407760696,-21.712295926951686","-29.529629993688637,-21.183023660421256","-37.8458478582586,-36.188425998792134","-42.33912210956801,-39.28155609611562","-47.34102629463935,-48.04854607908052","-49.526782127070526,-50.11329958018779"
"39.0,122.0","0.0,0.0","3.0,11.0","7.0,24.0","10.0,41.0","14.0,57.0","18.0,72.0","24.0,85.0","32.0,97.0","37.0,108.0","39.0,122.0"
"8.200085710581611,146.04574034405968","-0.8501052836936325,3.5359494179019633","2.073432968818883,6.140513370330491","5.848686271729227,17.04023011327717","10.218288707602508,32.50434486176188","14.306057706695519,44.92087381460854","15.825385943338329,70.88738066843261","25.467947023133878,71.18964842769513","32.97297911398481,81.79302128939322","32.766581770677156,95.44230578322936","39.18414600595957,97.22071408737852"
"26.31882854684757,151.32369539329994","-0.30828564817816095,-3.461347009098471","4.951008003558114,11.463994378753547","9.83915868663945,21.73855408207731","16.026871335423188,37.7326700212408","20.70829592672522,52.15522464998952","26.226889046060165,64.25780728866589","30.487500786372618,69.04844895106676","46.10674602457608,85.28804001517331","49.800064474691936,92.19429725942227","52.68438461310507,110.71003211292344"
"27.315628200504218,143.41359431705075","-0.32406579293981075,0.3447174813356969","2.1057778173636303,7.458726367022066","8.395022041454714,13.84111613982871","11.489038421238668,22.160621914994934","18.46880689735695,41.960860508881396","27.08258121450237,61.036841714877376","30.6799109179141,64.30744452239018","40.08866602676504,77.76131334998047","43.54614701477827,80.39454043481602","49.78665422862404,94.73193958303833"
"81.0,111.0","0.0,0.0","12.0,5.0","28.0,17.0","43.0,28.0","55.0,45.0","61.0,60.0","67.0,73.0","70.0,87.0","73.0,98.0","81.0,111.0"
"104.33796131582268,95.53663917335028","-0.9175782271791684,1.4582853544058836","18.025512985060633,0.9910463114407999","22.487243065689448,17.676417647414496","46.0989294533319,19.894997466198774","48.7127068437383,54.27415408394475","53.06309085786951,70.2388774460011","53.49710296370279,76.67851067556624","63.40584548964222,97.8999870746213","61.7287676512734,112.43562156119673","60.86534328517649,126.78598331479363"
"51.51734155072421,109.55925174370205","-3.2243075873261318,-0.6310934650177544","11.18851112339824,10.114276895412168","26.85569972650328,18.07290393441848","39.548393581867714,43.27460004448198","43.755438704326984,51.378869306669685","57.410643318044364,66.4164662884819","51.29363782577758,94.04506816670762","54.58956675302247,92.28931946010997","52.73612937459242,114.24317972005457","58.238822694219444,139.14330579239484"
"112.74351062573166,112.8610592065345","3.122445029716024,3.998560486834166","14.281227893836913,11.44755841466877","27.673530870806488,9.889941857282183","48.24352034899219,30.520723429628354","64.10776041964778,46.85893171268867","70.57447411268825,63.75711693973035","81.61867920130213,70.31443889109605","76.44669953943708,90.36728880237156","80.22776564880536,111.78444978526878","89.54355265100183,111.86692798575501"
"61.0,27.0","0.0,0.0","8.0,2.0","16.0,4.0","24.0,8.0","32.0,12.0","39.0,14.0","46.0,18.0","52.0,22.0","56.0,25.0","61.0,27.0"
"64.25843649858417,43.761064457178115","-2.486335624695318,-0.8411367963684087","5.568246947968449,0.34898680876990823","19.045236128177123,3.361909588483146","24.684115885865758,7.339846194290794","35.38720269135245,11.42821743195659","40.712770391116266,11.650464590969458","40.87125336883342,18.217629920140176","53.19770632835045,20.42737652935214","58.97768265527815,23.87538342788643","62.4992553752622,26.532100144991002"
"64.08280917989107,17.201822716905234","3.2012013359162843,1.0323432086849929","12.168048200638196,0.5939597631114693","15.093066794807346,3.48598736389808","31.06985273839015,8.061574156315988","37.863725281804996,12.78799867860076","46.53292945668444,15.82475760142358","53.64152888776425,22.776931991857563","61.61076762726904,20.625691577532887","64.24617322187729,26.749295074017603","74.79239897694872,27.766105940143913"
"61.03618633638845,46.03150525584304","2.470492243527113,0.4842397656777685","9.425578455696067,2.5873759410267","16.262934912061773,4.233488213997747","22.994436773079496,8.34665252427131","29.84412489342691,15.197830996449678","32.1247919177962,15.163564577134483","38.351016118282644,19.40765054367751","48.51208373572255,24.02454322171983","47.002818644737424,23.066518058178364","61.31851177705832,29.720870521164812"
"140.0,-186.0","0.0,0.0","17.0,-21.0","33.0,-47.0","51.0,-77.0","68.0,-102.0","86.0,-115.0","109.0,-130.0","127.0,-148.0","134.0,-171.0","140.0,-186.0"
"148.85170685133588,-153.63229262241606","2.316554943995024,-9.521476848836853","24.333439467550605,-31.338218149149892","32.94331312994854,-49.8612358579873","45.71034372655777,-81.71043880396218","64.37250179421179,-105.69064378084174","78.63664851149449,-123.53942183632562","104.38941499142844,-125.07044718863088","132.3596284277327,-129.6195749674221","126.43618578172271,-166.53549498654814","134.8761715537838,-204.54767781034562"
"119.67272395605622,-166.31372023700783","3.054832744353336,1.7389292245027894","2.677035052577375,-12.844205738382556","22.567007855251642,-34.11318565265236","52.190235379482424,-67.83289606875192","56.457349161846054,-82.03198611292852","66.064543022532,-100.93156511026496","92.64477516153622,-108.29122211764323","100.24918095245278,-125.85461708481998","115.27751093714343,-133.01741040691684","116.60755494807552,-163.49517247557148"
"158.56931695545055,-167.25579858010568","8.687181903075286,-1.9331117134212066","20.395367165873694,-23.86318063415908","18.725545079180996,-45.68739510172886","40.393052646564264,-81.95144201570183","51.576846198536984,-102.60169523833102","67.95313254049415,-130.7142101450601","83.81925082259934,-148.2316481272925","97.4310401013521,-154.2092261151869","102.61323150809758,-181.2306247020736","104.05664267193903,-210.25167941163838"
"54.0,70.0","0.0,0.0","4.0,7.0","9.0,12.0","16.0,18.0","24.0,26.0","33.0,37.0","39.0,47.0","46.0,56.0","50.0,63.0","54.0,70.0"
"82.02318227448418,66.80940965945551","3.800712221127241,-10.966467501917226","1.7820656030246536,2.4280318929391917","9.896767572877064,15.737059592634727","12.760552666741951,23.68320298024224","20.42706012895816,38.714776199636944","26.61040773493848,39.655802917716834","39.022711877239274,52.485019967546016","44.13597431763001,70.69024282203752","46.29087564476253,70.2834220442912","48.13915937494159,81.85919067163671"
"58.372118296678316,44.59345680798192","-0.023678002416357535,2.225163948149013","3.015541478266112,13.199701805551788","3.330712015917544,19.28188265913197","17.546429896147146,26.18238367775007","24.02810876181906,37.825073905945715","23.74285754534761,43.69436180347337","36.516855071121824,61.00637916042451","41.06580230193168,80.89268861451306","46.25063404414357,81.00001477310873","43.39704651213071,101.66923093758305"
"68.4959941470363,64.63509330883291","-0.4918620660356894,0.9504745971925739","-0.006726826556768817,9.545876396477036","11.860771389963912,11.211048146558985","19.435402930908364,15.232337125388865","22.966948238849955,18.718396982051704","34.60409499835809,34.287885934965885","44.814507057182766,44.69282866379073","56.15030352298225,57.579601954174734","59.13880181392555,63.76542454136719","63.93043361469074,68.84851460933581"
"24.0,123.0","0.0,0.0","3.0,15.0","8.0,34.0","12.0,47.0","13.0,62.0","14.0,76.0","16.0,89.0","19.0,102.0","23.0,110.0","24.0,123.0"
"27.671299524443974,118.52804319569624","0.5291873263184381,-4.045712924637182","4.521933734051517,8.172056990127741","15.500117194937662,32.32017084777015","21.19031095004708,55.400539581833264","22.936767412027294,60.501133376365985","23.620842536171562,73.37016832321684","30.898837994998317,100.9038423072183","34.44240485616129,114.85563367126805","41.306602101243335,117.9684138552897","42.34293809401197,130.392444233624"
"28.033944475284443,108.9701918814793","0.3537455292261109,3.1171644612858636","7.195556240254406,20.504080261684255","13.325337991765704,33.86961267126529","22.55318330132456,61.24076447720821","28.572763875222776,70.95679074181017","32.08605335455168,80.24670328903882","30.43797937269094,85.41666333878447","40.07504496916873,112.30984501212016","45.853379502087535,123.26004573815894","50.98838000662664,137.61067827044963"
"34.00735768305197,141.91360838427283","-0.5366199960182758,2.333789212819674","2.839254236363841,17.137257292134162","6.0486336243624335,29.20290415740416","10.791680823477714,52.15788728189422","12.462159867127175,52.722409472831835","12.959161652087298,58.66002343231576","15.576907243017468,84.76608723660156","18.27218645118038,85.99172870400905","22.747687269486725,96.77555615524044","22.306485486508134,118.51497915035878"
"31.0,75.0","0.0,0.0","7.0,14.0","14.0,33.0","20.0,50.0","18.0,45.0","12.0,26.0","9.0,16.0","17.0,33.0","24.0,52.0","31.0,75.0"
"33.068863219819455,72.95756152893985","-0.9250177309572807,3.8920395657111273","6.020086387603033,21.155011560536032","10.254674461451575,37.7751362007267","14.640983128299247,56.09886716473094","14.761601059328212,54.304187184068695","11.330228236736966,33.44771545315165","10.925926174599693,16.206846215066363","13.353352202149312,40.974801609855376","22.14469998990386,67.86977701171878","24.724671786806365,86.54919708843758"
"14.179767827733258,89.13010332180372","-0.7777619163731275,2.736261122233103","7.60409311205626,17.838297138491104","15.423298648457193,35.493007041159345","17.812561050140733,53.370214868324744","18.051522777791877,48.32229594584154","13.666709644292128,34.108064776668236","6.916017048017405,16.87426697118869","16.15510901128879,48.66233800792632","23.032630770139505,61.82673010870049","30.774935122464182,91.76634313511923"
"28.166076777414734,89.91103608410714","2.8310575350747005,-4.170750777553872","5.936482548655877,17.154110087243524","13.552137694571748,36.26619908397118","14.8673011026644,62.958558145383954","11.931502312958505,56.50210129585036","9.949950227694282,27.445222097066363","5.157685201402966,30.50172412324053","13.649840510685479,44.490793434476785","21.19624474508329,57.85686790191344","26.83253111116234,87.71797609326131"
"79.0,-68.0","0.0,0.0","6.0,-12.0","11.0,-24.0","17.0,-37.0","26.0,-53.0","35.0,-63.0","45.0,-69.0","55.0,-72.0","67.0,-69.0","79.0,-68.0"
"90.02399931722832,-78.83748872305863","-2.057146117275215,-2.3611746348332496","5.5540785981283065,-14.918792110882334","6.267230469905791,-26.174575397572177","6.827602952840092,-38.95175463271217","9.951596993433549,-59.86465183491043","18.79445922263961,-68.88986801910666","27.74458222538749,-77.87306892915991","45.34878989650741,-77.48239035915789","45.68228363820342,-79.56466564310024","56.95624350379208,-76.01403140973305"
"102.86531170639984,-69.44133792249461","0.7474384272576169,2.9002202742659526","6.004285026239357,-14.524542055216926","11.538730519521085,-20.222632790773677","13.697744743845641,-29.851063653198885","28.34159494811968,-37.617286406286546","37.949472093886236,-50.935123562472434","57.02406301127719,-53.13392189622285","56.20083666251654,-53.4889540846719","66.28702055712871,-52.76468229895946","78.91051155153329,-46.86521609372183"
"78.69009281709629,-78.89371762782633","6.138428906626403,-0.012499196864910952","1.238143239421905,-14.430662874982678","3.3102120428635615,-19.92075297636802","18.349864079903615,-43.58654565263657","32.378860544606766,-59.47208585731954","40.97264329830623,-60.115099709390826","47.16819552797473,-73.07315807614847","59.05250995575776,-72.65720558587769","68.18459612963599,-74.04457585121193","86.73064878618608,-70.08344762553429"
"-161.0,-176.0","0.0,0.0","-12.0,-21.0","-35.0,-47.0","-59.0,-73.0","-77.0,-99.0","-93.0,-124.0","-109.0,-149.0","-120.0,-167.0","-140.0,-175.0","-161.0,-176.0"
"-127.65483982142742,-184.4233595201763","-4.551302388544832,-13.245558563332283","-13.699733553203318,-19.43186892706391","-40.782391938974804,-34.157964339127176","-78.33335458955958,-67.12757044589944","-96.28309680298993,-71.96346754817617","-107.22509657426436,-90.28896901152174","-121.68585594602263,-106.46787048036272","-158.8042276638993,-115.1422133164742","-163.17734736639514,-105.8020426642168","-181.06232388821704,-114.28592904230479"
"-126.24033124645695,-155.78557753858016","-6.936355250117382,-6.830133529418287","-13.142512943572179,-20.269150982501138","-51.04057624955463,-38.10262733490654","-84.74543895843615,-55.91688082656295","-91.24011345115562,-91.79031495607639","-125.92607869219435,-128.95530148501598","-147.00867531823593,-134.5021070014938","-156.54715668645366,-160.10158906171236","-158.57357986952115,-145.3789882793591","-192.95660216374353,-150.81252753966447"
"-118.25352968162255,-193.55918132939001","-0.23042241570602684,-12.177006952831178","-28.496230863851025,-25.092270639415684","-13.104195190513707,-56.682416946626574","-67.86506210851533,-72.24134899046085","-71.025014920665,-107.24684460127789","-73.78522043003744,-129.19618518990137","-115.79875149008205,-163.0036910467156","-104.02300455831381,-198.53301162518903","-123.06169064163129,-198.30594141121279","-146.39339322196977,-192.26402835124742"
"43.0,97.0","0.0,0.0","6.0,8.0","14.0,18.0","23.0,29.0","31.0,43.0","37.0,57.0","41.0,68.0","45.0,78.0","49.0,91.0","43.0,97.0"
"32.07348924584645,96.56075992628168","-0.5228622369546893,-13.055983709966476","2.8349025889741593,5.779464962974351","17.985106622095817,20.859589736000192","19.55058751229577,28.866545385525644","37.11528001342234,38.52235771067761","36.5379269819122,51.728853983566815","43.501760059878464,69.02551656437772","49.40574908487864,79.60466156465154","47.094626199461615,88.69650829976933","54.31506409628081,97.76813993991897"
"51.08336544678067,97.71225712758297","3.3694811748076487,1.287095870084332","7.3248211894048785,0.567660112498954","13.567296582251807,15.525398709347053","26.730460347890347,24.323467771835674","38.24604481710786,42.83202691401459","45.05258805419539,53.4580840423575","51.84432287706873,58.589755991329376","55.96482613534805,67.67746465645821","58.25561319312092,90.85121680047028","61.42520799043284,105.8338166795061"
"52.72106185590872,67.61239492590674","4.181026940643249,5.529509043274406","12.318882536797434,1.2218490014031553","14.830429911181364,12.136998978802701","27.022915053733737,29.710996064781014","33.62386442677028,33.366974148225935","46.00163248156308,63.65949235654297","54.12409910908356,76.24860100387477","57.93110361879344,82.15365606983198","65.04462489992403,98.3723135796034","53.87926080668757,104.03204940162152"
"-73.0,-142.0","0.0,0.0","-7.0,-12.0","-18.0,-31.0","-29.0,-50.0","-38.0,-64.0","-47.0,-76.0","-58.0,-92.0","-64.0,-105.0","-69.0,-125.0","-73.0,-142.0"
"-57.48725570262344,-167.57630236195948","-0.5049643356438847,6.553061817285807","-2.565720188254431,-16.86053016047825","-15.950094733258808,-39.605891978387646","-25.51459260355279,-57.03614312680099","-32.47699639904148,-67.48334028796766","-37.69421228807758,-78.90500703234795","-48.8808398541562,-86.84966442586055","-59.73794772640661,-96.97269976112204","-56.320634565163616,-125.09926392631463","-68.0213927907823,-138.98182337012472"
"-100.13236616947832,-144.58616229051125","-2.891573895200968,-4.855691049141769","-6.055155329383557,-11.326031066338848","-32.195490067043316,-39.94415639193734","-37.586604603219605,-48.56187445794525","-59.238505121675644,-69.35686677616114","-66.86901906729412,-82.41372614254118","-85.04928581323291,-100.37304112864712","-87.42499778363478,-105.41125293905581","-112.97935306488293,-155.14731317641127","-108.30790303402175,-141.4481907988879"
"-55.385555818667704,-125.55623334801031","-2.346773920881823,-6.195217885382508","-9.555665582496722,-18.50185518179255","-22.719928595855055,-26.772975756326172","-37.93634677505752,-44.771413832306116","-50.84635824470576,-58.792792631676186","-54.069711079993006,-65.87810992334404","-66.78941198143829,-63.75452152931785","-81.94311298643186,-90.25469436344564","-90.09204625018977,-97.80285342955284","-94.97890265748023,-114.4326464531384"
"76.0,-111.0","0.0,0.0","0.0,-17.0","7.0,-35.0","15.0,-50.0","21.0,-65.0","31.0,-77.0","38.0,-92.0","48.0,-104.0","60.0,-110.0","76.0,-111.0"
"64.10664211648768,-133.22424278540558","0.4099148178845225,7.482407787294732","-4.963026542869585,-14.031098538386221","1.898499988548159,-42.928199096472966","3.3841525121375717,-66.46317888596172","14.348996555612523,-71.99449813586133","28.82100591672922,-92.1255868777143","34.10209644873416,-102.00455419485984","31.69267508635263,-123.0480453080255","44.33213387322313,-138.22104757020676","72.79869540495955,-117.21289734728441"
"59.30961619347803,-127.00369682902816","-4.29387860747044,2.4711776184211263","-5.4406135035086205,-11.628125770757837","9.529693974132934,-33.713808531015715","11.745585212131438,-47.283964306564734","17.84385939746197,-51.38147033184561","28.60785238482616,-57.46585120568178","27.63601767743355,-82.20889572369181","40.546173092211646,-94.19807326596096","49.09904975978302,-92.5978400348702","65.45202434540123,-102.24235430651368"
"81.42975240900287,-94.92580460290168","0.47618899564170136,-5.079762855674596","-4.5366454774261955,-25.63744527906609","-1.5545111508217722,-36.07073918817515","4.417546926388524,-46.96025364853575","13.28412007638973,-63.03326995936606","21.442082534087675,-77.37841043312814","21.23805498797025,-104.28152261376506","29.036638700456834,-101.53341150667067","39.07874594330354,-101.14701976923466","51.50467105980505,-115.66317273482717"
"-48.0,160.0","0.0,0.0","-2.0,18.0","-5.0,37.0","-14.0,56.0","-23.0,75.0","-26.0,92.0","-29.0,113.0","-35.0,133.0","-41.0,148.0","-48.0,160.0"
"-15.249858774681236,196.32360548493057","0.9056381772065286,1.2961336557282872","0.17720440985705466,27.05508778927952","-3.8247959031306626,41.22001275257027","-8.74247051344464,60.726295961405846","-12.497603134647417,60.5269720564681","-19.54874697200669,87.69103944564365","-10.641360447514584,114.77581929427602","-21.496106943705982,125.72377591475698","-25.08906273952045,140.3807607732053","-26.02008301233087,160.3459095399767"
"-30.112549905471,153.30577399226655","1.6525903932597243,10.75268144251299","4.364731887942235,20.61969231025993","3.780750935243604,18.375474243317456","-1.596893002778371,34.55098138732485","-0.017713906095682574,70.34529092121558","-6.853121507701712,78.90052554332338","-0.46179644706340284,103.30394714915136","-3.0012870551012583,111.94875460834857","-6.507470770950363,120.70616546509257","-9.103578164695517,135.07188633486015"
"-39.98459778217901,166.10269771247286","-1.578553571372948,-8.14031501807037","-2.130481473241331,12.53182685422988","-20.06216610335909,41.54340640621726","-35.91862496333405,63.32754185900583","-41.387235906547176,55.82040519360847","-54.46482574709009,107.2127224598195","-65.69198388873004,131.53667006484721","-79.61434388164429,138.57983381636723","-90.30886440912215,149.42721197949155","-100.32047316590258,165.9024724534865"
"-178.0,-150.0","0.0,0.0","-15.0,-17.0","-35.0,-34.0","-60.0,-55.0","-85.0,-80.0","-107.0,-105.0","-128.0,-122.0","-149.0,-131.0","-167.0,-141.0","-178.0,-150.0"
"-147.26345757060494,-151.70251308862177","-9.659613957182522,-5.213141507483388","-17.40103740100952,-9.922803795638007","-34.9811529329158,-32.76384987399791","-55.86807587663668,-53.93612042316057","-76.90408659586494,-82.30392551109722","-100.6394737621726,-97.88048933360167","-120.77173695957144,-116.46000748765523","-139.61854840207639,-133.9053309785152","-142.19874584698718,-110.24526902395814","-157.68909390101933,-139.12406511411413"
"-158.12961247910678,-142.02698983683717","12.485378466584155,2.739763174205179","1.3533354292450164,-25.097211871254114","-31.248279742473947,-26.69738759288858","-47.11685327878301,-58.87844045482664","-64.38204676537016,-83.01812272819642","-104.28274022270496,-107.03757788803047","-125.90837876365899,-118.71751802500769","-138.69025650941222,-139.1894346564309","-156.88574229614295,-160.8402395205232","-183.3495936424102,-154.55556041600107"
"-172.38597977909282,-182.1453256476337","-9.058120590188512,4.855773321981075","-14.142959160711758,-18.400109964765214","-33.113478668621944,-15.227566995032213","-52.01639523273395,-33.40596581535468","-60.23980043549212,-57.70654890714797","-104.883250370858,-73.53741398694557","-116.80666077396366,-84.17868723014078","-120.18472521385297,-96.21148214213488","-145.80003332612625,-98.61540978164372","-155.54283843876243,-107.70799659092306"
"181.0,167.0","0.0,0.0","13.0,24.0","40.0,59.0","65.0,99.0","87.0,130.0","106.0,153.0","128.0,173.0","150.0,188.0","170.0,182.0","181.0,167.0"
"233.95019230530608,148.57520064960676","-1.5006681952199212,4.51160266464675","6.887737260788763,17.968059516954856","49.83051216763919,44.516721130211806","71.3259532676946,67.66906127965215","86.08421668829976,100.27164962567386","95.79267851326063,103.494711252899","126.33422639854754,124.93234228369997","129.5209445312916,138.71334152907548","174.2705926685945,120.97292187285771","181.2073028240821,116.20849961940536"
"164.54569048198917,113.44194576486937","24.846456860971802,3.6778239586167016","19.174708909762742,14.120639682008608","40.98303092169421,76.30730554196641","12.88617577416182,159.5261459207206","67.35179607502545,184.08396717573777","78.95965044228801,219.65551261360866","91.8729191555899,244.8469791035058","105.30104292197817,261.57971552712087","151.71365282043703,251.43076477145928","173.55867910871,249.60851925532077"
"229.75871016153818,122.69107817523332","7.944323011464455,8.359012483585795","17.0328076895852,19.093206339932248","36.95572116084584,49.83565558434519","57.73240241963746,84.68439524673","90.44216423719647,107.73698725274437","118.86368596948634,124.48496327976582","139.8873541292711,150.03675844031508","159.1930421791803,160.32181870266172","182.69737426446065,149.8855452635032","184.48853341355354,131.41069453543133"
"-177.0,52.0","0.0,0.0","-22.0,0.0","-47.0,3.0","-73.0,5.0","-96.0,8.0","-121.0,13.0","-142.0,20.0","-154.0,31.0","-166.0,39.0","-177.0,52.0"
"-140.3703403748961,54.9925492986386","16.527804056607582,-4.5732327360725185","-12.203962153095063,1.588040872628735","-32.77898899592475,4.272291805044775","-84.88127157420628,15.08954548045842","-107.87903977576582,22.30561885104646","-131.37882211145188,29.327115392000266","-138.94103642383584,33.99045660915035","-162.73767113915275,50.88280627719004","-162.42258391061233,54.45980925389061","-185.80776362060757,71.6610579180684"
"-154.85231166845077,52.75384913779105","-17.843936876341175,-0.8475784254786533","-29.151746709713947,-7.817455800412471","-40.5043863395975,3.4476260967456813","-71.53641033808096,-0.21785987603041246","-103.01959962960628,2.0872245375284617","-133.55819510529545,-4.643291152127044","-151.38306181095484,6.044638734241861","-156.38854792726423,15.587937589225726","-179.03845373310787,19.568485695054424","-192.00146098677,34.72266122818422"
"-133.246605840618,80.05988531061361","-5.651206546299623,4.443600515615545","-14.194157825034525,0.3276807989227206","-46.130495863846285,4.327998911988223","-74.89741641076654,7.869270685332951","-115.73134867739374,11.192222857311746","-138.79515390386783,14.346179140085228","-158.21598960498292,22.775245706163663","-182.4938764884817,31.42031198175319","-206.18022557254656,40.925868622939184","-199.6403797852654,56.61073661818684"
"136.0,-45.0","0.0,0.0","10.0,-7.0","22.0,-13.0","42.0,-23.0","62.0,-33.0","79.0,-41.0","99.0,-49.0","113.0,-53.0","123.0,-51.0","136.0,-45.0"
"169.90882003286063,-17.535526082059583","-1.1983894137347164,8.347303297082203","7.150258376985861,-7.38455558975468","16.17692012659007,-15.543489672549619","46.029238262050406,-38.22235210333511","67.39071473983287,-43.586751641295294","84.51280768702826,-59.414014667363475","114.58170933001608,-67.23751026782385","121.87587033492755,-75.72637949507289","144.2479911073092,-76.01777481656768","156.31626988531175,-73.88558542657977"
"137.5041905599005,-67.7133469322664","18.591041847545593,-0.07829414740899487","7.632769816767762,-10.571128165452324","20.34673301550328,-21.59197096890158","38.45468691422055,-29.77905493627943","53.707281622957964,-47.93745180325994","81.82022555089746,-58.83745795145572","107.4273992760124,-67.75702892124657","120.00957052110192,-77.67291947130529","117.14770080929634,-73.79863393777774","152.39940030034967,-68.8076535694156"
"120.30716508259391,-36.01371385414003","2.167171338683821,2.191205253258428","15.811117260093388,-3.606856251348559","27.695453692242104,-7.897787714077155","37.203871432114894,-17.41614394951412","51.694664123379454,-27.211267204126408","77.40138278812742,-29.575026181064057","82.98823961365635,-40.97038582871695","85.22177253249049,-41.380734951955354","107.1748940127592,-39.97015491410828","106.25230129322416,-32.71710140429859"
"70.0,-24.0","0.0,0.0","6.0,2.0","15.0,0.0","24.0,-5.0","32.0,-9.0","40.0,-15.0","49.0,-20.0","57.0,-23.0","62.0,-25.0","70.0,-24.0"
"70.25482238742296,-42.77882731171803","1.254186753519324,-0.8498049400278569","1.9662789237452745,0.42425585074367855","16.088334919246204,-3.829864606478582","21.218161510682936,-14.604558792276778","33.28374097282376,-20.21883421950913","37.33637705519566,-26.56813003174628","46.380081617350726,-34.52715626894426","52.288586929412,-40.35851680717874","61.7920778795591,-41.81391819024463","69.66896348132079,-45.036746292324814"
"73.42835547191757,-21.72253319366829","4.935501196690083,0.5328280755939838","10.210931281675064,0.2769015291665142","15.658465858927405,0.1291217621795171","26.08231619757933,-6.867210016269265","28.21414946698404,-9.975129256877628","28.61217591762128,-16.304923925633076","48.413644637855896,-20.871539788328395","49.130689458059365,-28.160443307492","55.59128386113704,-29.48056764728981","59.69954911536291,-30.381921756066667"
"87.18015732047508,-6.51276707871601","0.7700501103718782,0.7056859824229277","11.669109257993451,4.024856545668511","15.449333034464336,-3.336334203385118","28.86865042379799,-7.272342045642046","34.13158375046943,-9.428778267693891","45.00448651732672,-16.586859817869662","53.84779270352995,-22.86682439869712","63.11241733325799,-27.125645177409254","64.20863212285937,-28.35886833818732","77.42721733915252,-25.78704298828288"
"-111.0,41.0","0.0,0.0","-13.0,0.0","-33.0,1.0","-54.0,1.0","-75.0,3.0","-97.0,7.0","-111.0,11.0","-118.0,18.0","-112.0,27.0","-111.0,41.0"
"-129.5347583737437,22.06041836669314","-1.8087193170124394,-1.9771065229807907","-6.943156557788239,-4.66898625312734","-38.226647530061285,-7.826933084774951","-59.773038245282265,-10.490379588291765","-82.27977761167688,-15.078162003995322","-100.78476520415111,-18.860795464773098","-119.66320522974733,-11.926579642713046","-129.29836379778172,-6.751146724268928","-124.23812230373994,2.257309198098749","-123.48444085099882,15.745196671302299"
"-118.46777629731584,32.93511362033283","-6.279717736199898,0.5908669605014556","-17.52231678352385,-1.2812283936555264","-28.077085491068118,-1.6738200924749624","-47.01205088557459,-4.058608204146022","-58.36622723894304,2.594788977946364","-73.21457559348265,2.8028448424458627","-88.1423659704985,7.118384953985526","-101.30502601136689,10.195096419003406","-80.56035049917678,17.186728568064847","-90.23142467742406,29.525924706939996"
"-100.09998650632372,56.70695872038692","-8.890522671952201,1.3728915557982457","-2.3920514455729114,-0.0962388964039268","-27.90159474833881,11.544536790721441","-34.10829236708554,8.94216852097302","-65.20462702946024,15.035579324290936","-78.06071914182311,24.474013797899495","-83.3100075028837,29.3370520463765","-92.62657104328477,35.888229888756676","-87.65717151173556,42.408689368722065","-77.51709110647961,51.73414056009505"
"-121.0,-166.0","0.0,0.0","-9.0,-13.0","-28.0,-35.0","-54.0,-63.0","-80.0,-86.0","-100.0,-106.0","-109.0,-119.0","-116.0,-131.0","-118.0,-149.0","-121.0,-166.0"
"-136.48783536317094,-202.30753343602356","-6.187711999922668,8.159412497495376","-15.47193044580916,-7.849049704179032","-25.66956576330067,-32.04907709143145","-67.65520785236869,-57.60896003944834","-89.24511582955537,-71.60318591761683","-127.49433811136589,-80.52846818210395","-143.06707905037337,-105.15869521348651","-153.96086012845313,-122.32164890690156","-165.68283097518236,-151.2684415612596","-164.4103175390471,-147.8964098360103"
"-92.8288670517469,-152.74550410661507","4.355585789283954,-6.686636118711341","-4.2295670223448685,-21.222286908655136","-29.060509871234423,-42.80040310625725","-50.73355087429958,-83.68382895279046","-81.1531181740867,-125.63063606177364","-104.66449090629493,-123.37618383418695","-116.63792833639351,-144.32267178651682","-113.12302824645532,-157.19996216335846","-106.27687046806757,-187.63981233283823","-123.6523500246367,-201.1812350546546"
"-110.0556384910883,-167.24931866587778","-4.14135744074759,0.3138906737001129","-10.135692519636391,7.627388327277325","-29.745890466363527,-40.15414674697196","-47.636924434814375,-69.48282713379446","-81.1557588787468,-128.62493413125205","-100.50422119787666,-127.14362115658723","-92.1357119033171,-150.76504517907867","-111.0907924704172,-167.6388419479915","-113.65558915456225,-178.58979893529457","-110.95600118389179,-219.43393993357498"
"-115.0,-174.0","0.0,0.0","-9.0,-18.0","-27.0,-43.0","-43.0,-67.0","-59.0,-86.0","-74.0,-105.0","-86.0,-124.0","-94.0,-141.0","-103.0,-158.0","-115.0,-174.0"
"-143.2015655246863,-174.3302571071193","-7.286775272481078,4.3682539311341095","-4.397549652462823,-17.397578092065675","-14.460290116537536,-46.19062010775502","-31.038354383838808,-49.29537877644381","-46.66949732115089,-87.54322638206003","-48.24658731508349,-106.24261773325583","-68.92281334819342,-127.69759759980434","-57.624471390161744,-156.77982882503522","-72.56948967635572,-158.72637519295904","-80.18147722032181,-175.83063527855901"
"-70.50086971795129,-193.00345841521266","-3.3762042954635056,6.580557299054169","-8.24030936593992,-20.919732361346938","-16.96478173526809,-53.3324599744731","-34.35121238883725,-85.09123066364566","-55.70131069151408,-90.66838730572151","-51.89784742237469,-131.18661041524874","-63.69112000178767,-158.3311607844574","-73.44297577463516,-174.47421620826546","-73.21958621582223,-183.28316176127947","-98.50206867569865,-175.2462137460208"
"-142.02851594134657,-141.51537989834864","-11.686323962897086,6.370158757529505","-8.30132061118581,-10.270953070922213","-35.907310710501946,-42.94569242829976","-56.64203862753881,-58.609964841149946","-73.9830697196308,-91.17413841224538","-85.63299098172146,-96.84932985393267","-109.43634805356157,-112.25445462435152","-105.19707659839712,-122.05174038500428","-122.0361727829919,-140.09459932450144","-149.61659285152754,-158.4199507040089"
"-35.0,-144.0","0.0,0.0","-1.0,-14.0","-8.0,-32.0","-16.0,-57.0","-21.0,-73.0","-27.0,-87.0","-31.0,-102.0","-34.0,-116.0","-35.0,-129.0","-35.0,-144.0"
"-30.359419353159616,-155.7859718612826","-1.997472201999141,3.997997429550274","8.15832082108181,-20.588555066367817","3.000066972481357,-42.30643487810128","-2.1218598428866393,-60.43359797469381","1.7295744153646986,-83.58805016863725","-2.7086257510404295,-87.76962917703472","0.5237762533498511,-135.55563445777318","-0.7674144391914766,-125.63555553818854","-3.945654672154241,-133.90668776797878","3.504587120722526,-147.75085931423578"
"-21.813957326047955,-151.19405006188805","-1.2660674249013395,2.5345072637963266","-0.9132151700499609,-22.981777307379904","-7.391218871005828,-38.11615582730838","-20.599317432311224,-39.89930516202282","-23.609046841006524,-70.7462345340332","-34.73231845478629,-95.34856127682936","-35.59602595804328,-94.61814907530243","-41.751459424740936,-126.18030506863218","-39.05353377638186,-137.82577268622867","-46.48041863218024,-150.9816776125038"
"-36.79450348679306,-128.18491092341705","1.3299772302542303,7.560225905102284","-0.7890734256654703,-7.613105936103835","-9.110852325730608,-39.22713497368686","-17.530209612967862,-39.92136411871785","-25.194318772823607,-54.28650909439116","-25.71957337726425,-69.72341169137312","-31.319669536416363,-97.55840410074603","-35.273106357437584,-93.23273282105556","-34.92660646401386,-103.53882140770288","-38.44460943258802,-119.51508534127386"
"-104.0,-90.0","0.0,0.0","-6.0,-11.0","-16.0,-24.0","-30.0,-37.0","-41.0,-47.0","-57.0,-56.0","-72.0,-66.0","-84.0,-73.0","-95.0,-84.0","-104.0,-90.0"
"-102.71574176226338,-81.14649073982841","8.211507843526645,-4.4147200735128935","-3.4920745191264815,-1.7158291923728017","-12.328841294723622,-23.687475443514163","-36.28927246286039,-23.067277237539887","-55.77805720678906,-48.54765593701714","-66.10563932502875,-50.26270390593288","-82.51126652490558,-60.33560155234602","-92.7153044511759,-65.02081451489067","-103.85263301153837,-76.95520816838295","-115.52656524881066,-82.27935921347019"
"-79.80347534489714,-109.77268703077999","14.796129889523163,-3.1621275718556254","7.8182734613720735,-5.004207181027248","-11.29622982548442,-26.400851972526993","-24.685423835609765,-34.730387284597626","-22.619731429793433,-55.7217744205002","-35.49513069585769,-62.318262134192835","-51.320672089911554,-80.84086174172961","-54.5370046340499,-96.78544586876501","-66.52261279289156,-98.62588860137069","-76.27082781369519,-102.53197444111206"
"-114.94861534762309,-76.73422815363124","0.9188902288208449,-5.961842859626595","-3.411282159530731,-6.3874062033649786","-13.373780787749327,-16.560890366727968","-25.086380600955327,-28.178020972253737","-33.14022211376143,-34.65481332385113","-45.696758609873356,-43.306259036305704","-56.37025803558765,-53.99407359515977","-65.6106651159769,-62.05996278316276","-82.4711249663677,-61.682158015161164","-85.96405180776037,-66.96816202771792"
"99.0,-177.0","0.0,0.0","4.0,-15.0","15.0,-42.0","28.0,-65.0","42.0,-95.0","56.0,-125.0","65.0,-144.0","70.0,-159.0","83.0,-168.0","99.0,-177.0"
"65.0085433325068,-157.24108261553545","3.567858838681837,1.21635321102982","-1.837146576242382,-21.52083132117793","21.359817764313515,-39.18231805273212","36.17241709982898,-76.01447370354397","31.463022015415575,-106.33433430157372","64.09023068581568,-163.1989450396664","72.40561635007847,-170.5389054455499","66.9109499730848,-197.56112907841296","87.20636492125384,-206.10760791631282","108.2764018071877,-214.64876862996326"
"94.13876155263891,-218.42623294171634","1.211217429619507,11.808330078597917","8.047858746010748,-28.714149262332953","25.03168890224955,-34.634531309591424","28.385179160465587,-73.30132502239024","51.720189586768484,-88.22373465065301","59.382071420959704,-115.81010218072142","64.4084808288874,-145.45643743832795","70.25979223703413,-153.90837111501233","87.60343278421755,-173.6062920337021","107.22176268061423,-167.51033744316487"
"73.71483905581056,-204.07847128865941","-8.587629320466737,3.8158624130072925","2.2000383632225744,-17.74127789692462","22.90693092751376,-23.34413553353695","29.057434885719594,-46.23343072234153","40.36514672027411,-71.66994273029991","53.12223443966323,-105.56158833683902","57.732080151517835,-121.6288167788026","63.88977653204519,-118.56680246680806","65.59751530679488,-135.92221102285174","95.06401698338149,-125.5643785755415"
"163.0,-166.0","0.0,0.0","18.0,-22.0","44.0,-49.0","74.0,-76.0","101.0,-97.0","117.0,-109.0","135.0,-121.0","147.0,-132.0","153.0,-152.0","163.0,-166.0"
"138.9183612741678,-151.54179993637126","0.15377624005850965,7.78926231929701","6.895695900376975,-18.529246314482446","41.442859462221705,-53.62128092636275","81.68650187743661,-78.79901523864848","118.84177203748756,-103.3918827317384","128.54224874052676,-109.73436721977949","170.45295122191672,-108.33389298286029","174.82154904743865,-133.0692688671539","197.26601381381667,-169.03111753598168","198.56130401654192,-163.78891373035373"
"142.4937575753857,-218.47289430862656","0.8988990863036908,0.6838320392569581","23.80219041809406,-14.509125522764426","51.63930188505966,-58.70790476861451","84.65311405860776,-81.79310595006608","109.79419319542873,-106.32684029317734","135.69549628405633,-125.78889280117431","165.0453517592097,-122.09170073962878","175.3860604810606,-157.28941993589643","186.8778971681393,-176.60003224098824","184.57551706202852,-182.23280637222794"
"179.2464787084569,-201.50339172588846","16.83865255891796,5.323195931474285","35.913372964124264,-26.457845485525553","31.80902039527593,-73.56253375364241","51.40105200158244,-103.08091844972238","106.23905914734657,-120.72933629361394","98.79304200712467,-138.94535088859357","140.31054533992327,-160.338252633826","135.364183399518,-179.45585894352905","151.49958699404138,-202.6748884477545","144.17545622047396,-230.29068632550957"
"91.0,-141.0","0.0,0.0","6.0,-16.0","15.0,-33.0","28.0,-56.0","39.0,-76.0","51.0,-95.0","63.0,-108.0","75.0,-117.0","83.0,-129.0","91.0,-141.0"
"71.60880898849008,-115.11022365361248","8.656719760980346,8.057469957282756","8.793018464789114,-22.334755312770056","20.252524579264637,-30.958574039281977","33.11800473838533,-45.68120507292046","34.17259617541454,-74.55223237069414","61.829410512755686,-93.4637120585128","68.32026253669669,-109.85064372343778","80.27617678671527,-107.13548824611941","85.47464144513322,-130.16686344154132","105.18125590720975,-129.40767068675183"
"80.06619446688651,-138.20561257315455","-2.5978142956289254,4.492733045936655","1.844498393978761,-15.431443569231714","4.624482950292531,-34.40898310029172","17.65885844659985,-54.8906863909866","24.10943408822594,-67.30550366574276","26.661247462682002,-75.40985959584418","35.42529027000544,-104.98597899388666","41.274610309858204,-105.7339075858092","48.28340537417098,-116.66384441973871","56.80047441983652,-136.38682260652453"
"86.66181102694412,-172.76627066282458","-2.66177641937899,-2.27674345225577","3.0061234450034506,-8.913343726342642","16.465469717156793,-25.31382325830414","27.235986081829743,-35.68749703243162","42.44758057443579,-64.11576282643719","64.9558632552,-75.19293278998856","57.772528193136054,-83.90158695227319","73.72481765632517,-71.28355367806326","75.4651314166734,-103.15516659599247","91.42428253221362,-104.55119553929399"
"102.0,172.0","0.0,0.0","9.0,13.0","31.0,35.0","55.0,62.0","71.0,84.0","82.0,101.0","90.0,117.0","96.0,136.0","99.0,155.0","102.0,172.0"
"89.79511557543896,183.21252038843946","1.7663578097649082,-1.5317461284855343","16.712994739569663,4.401570913436353","30.339682380705597,29.096020389635843","60.96116681779767,54.758933862098736","78.00585004672303,53.7439598761884","90.05468314105507,64.52803495148387","92.8166698800134,69.001360867752","108.20922196524866,91.18185983132214","120.79541041204455,121.2646248052914","121.0110201633574,113.76035708998688"
"95.65227053992011,175.22051787204896","-13.820021958448905,-9.401151761097838","4.827431170800246,9.179471596900967","21.786559611879195,29.262609854239887","60.504212232006516,59.3002488131349","72.49481899229717,97.03539130852805","86.73492016321565,104.61668396467515","87.46922276543526,137.32039933912014","81.42736343504447,156.6933730163568","83.22028530386605,171.50019717204086","81.10598918695244,180.46070090249754"
"61.2658981231062,194.09285048643474","5.00563934856855,1.881040706618607","12.550426621522911,15.050999134440021","30.114345528424998,17.400186009364095","46.90577326066238,73.53888410677747","74.10083527621384,85.05129870446382","78.33770077578333,101.51028445118656","80.76103492426276,110.00338023258811","90.9007087936613,126.59369904948805","88.56601687603421,142.801574772945","99.19540420499624,162.94999589955918"
"-13.0,-149.0","0.0,0.0","-3.0,-14.0","-8.0,-32.0","-17.0,-57.0","-25.0,-86.0","-32.0,-113.0","-34.0,-129.0","-34.0,-144.0","-24.0,-156.0","-13.0,-149.0"
"4.465163100099375,-120.5273750553407","-0.535055516165426,-0.2029280818966216","-2.896718344607222,-6.5691750829700375","-6.7616264141429046,-26.964440493680534","-11.503862359248366,-55.952780948504696","-18.903414513044147,-78.87093185217338","-18.34348517346566,-98.42156856649027","-21.611299838642207,-109.72773676854672","-20.010449848269218,-125.74209516437807","-13.553875216869224,-128.1898607053846","-3.4664565459028562,-126.37030287388826"
"-32.217813356490865,-127.26195403652441","-1.5174850206150383,1.8214956508689992","-1.4915685996369077,-3.4528608079342256","-3.7236563017418103,-16.461460648014075","-2.429895668848589,-53.03956655768971","-0.8135093103709892,-88.38147295297043","-6.48050047896292,-92.88652957506044","0.02904627704244689,-117.89053812100116","4.121879513313125,-136.1838043527116","10.40528196576464,-130.01404119459127","22.24384164395328,-133.18860323385007"
"-29.500429995850403,-124.93613667454781","0.5742000921319355,-5.821960623003096","-2.3091238108044805,-2.6503550356911822","-14.821864130427628,-53.64771230352014","-23.751626460885138,-69.13869008428318","-35.819547618565934,-88.36946610859978","-47.09922427699792,-128.84435653058966","-55.47947061728319,-146.98124274845958","-53.97106687807036,-169.26961415921514","-43.57802701358635,-174.89464939939833","-27.82742714535032,-177.08179658572377"
"-24.0,207.0","0.0,0.0","0.0,25.0","-3.0,54.0","-3.0,86.0","-3.0,112.0","-5.0,133.0","-9.0,154.0","-11.0,174.0","-17.0,192.0","-24.0,207.0"
"-75.21335435043807,199.4186238167948","0.10409506017463743,-2.344501504699273","6.704737770997659,21.618075228658046","6.356766973904785,34.77274732460227","13.94491476340271,67.04304245071744","18.407486065389605,74.38028531592023","21.12315217053988,100.73286887992504","27.52866885945043,134.15453880785185","22.9288762042367,123.90359057689264","24.227083686547026,145.25790606176705","23.84922293279115,174.7541845227032"
"-39.85776150690741,185.6974129701503","3.80560792218112,5.876370156558104","2.007981918550086,9.161807359321363","7.019217352378838,41.50730799144142","13.492938911227524,77.92264341537157","20.040715075713702,102.9673790240172","21.309532954295577,141.0694595446626","21.106255725381143,160.6644002014548","21.186361154010363,170.6665078955433","21.674435906656527,198.47105767298567","15.279489911351959,203.10859792556235"
"26.225673127746177,197.25695929140608","0.6311961309726898,18.613610927280984","0.051962832195042004,34.8274872348822","-2.007597390771121,68.71358932169633","-4.15012373137467,89.8882927285705","-3.6704697023467427,110.09667505931385","-4.717648119881847,135.26120161746513","-12.06342401639359,167.96568218132145","-11.672265382452045,208.90102064509162","-18.189717252787446,202.85651551512976","-28.694614501979224,222.92768157898837"
"-51.0,163.0","0.0,0.0","-10.0,14.0","-19.0,34.0","-29.0,59.0","-35.0,86.0","-37.0,101.0","-42.0,117.0","-44.0,133.0","-47.0,150.0","-51.0,163.0"
"-16.4937399589001,170.48553648595663","-7.886800074488757,-22.333359955926177","-10.591608072006682,14.992286053449408","-13.29474074128342,29.755487567549576","-13.410033583100073,66.07173353229295","-20.13793549401891,82.35725257400085","-16.038142757360983,111.36185987506857","-21.76097838471682,122.06133871344262","-12.199410707172621,153.04062666091684","-18.530419972113613,166.51211497922736","-16.378741375208378,179.42798893588932"
"-43.59689168149098,147.7399580040368","-6.040700129527886,-2.2248393860328077","-9.816394794621814,2.2256277063504553","-18.532145290810263,37.40743933096127","-33.45288638642299,44.61676079217653","-37.863876739354886,63.64808337764244","-44.65376898981823,106.18672899200516","-46.68495768220974,91.5249220303562","-51.232963372152746,119.7719449812419","-53.03050934561486,141.08261284179838","-61.59868111330202,167.78309190135897"
"-81.93903116863419,172.07725145710774","-1.6187888798629122,-5.9614005327342","-1.4690138005289692,27.116096631009064","-17.67183007164656,41.90869130829093","-20.026954639862712,79.24909686346886","-22.43617361683965,107.33555958711815","-26.52540188995323,114.71466869361298","-33.28155210885046,138.86344399153828","-26.888496621226075,162.73181190239052","-30.47117987782304,186.08537538496603","-32.2001099992658,188.1541078748735"
"-45.0,-168.0","0.0,0.0","-1.0,-15.0","-5.0,-37.0","-13.0,-61.0","-20.0,-82.0","-25.0,-98.0","-29.0,-118.0","-34.0,-134.0","-42.0,-151.0","-45.0,-168.0"
"-65.00297068342708,-153.89375377023117","-1.7287633966820142,13.094508941364888","-1.952228400438148,-4.417949476128926","-10.062470567618337,-35.014030230757825","-20.19954515560277,-55.54672047977616","-34.30701098744892,-79.45790975510845","-34.90182874058239,-74.94469358947521","-42.397888808729064,-88.77734417831279","-51.64496296644369,-117.354114185761","-62.78046433798374,-139.14782659382485","-62.313498648751164,-142.0544682770993"
"-17.016690624432236,-187.79223516472217","-1.362645549116964,13.698848060164071","3.1852545999822315,-34.91034869472549","-2.0165950622410707,-45.807851247886745","-8.067894847259776,-64.06150200473398","-13.075587535322803,-98.67855866097933","-11.560731309064442,-122.61832401823862","-14.095312853546485,-142.83699967679166","-20.18576093194007,-164.3673514453107","-31.15846928791512,-175.40642843652623","-35.22936806640953,-200.39191483414874"
"-87.82329798323909,-185.02240855318743","-0.4548046280171159,2.2033425121493595","-1.6896967200232424,-8.310703984859032","2.1765137623907735,-41.8639446878379","-3.8610786687964964,-50.51851538753432","1.8913638892315632,-111.13045785015615","-0.4773836561720657,-111.67963780938899","2.1546530263010126,-167.26644516296673","-4.428185957435915,-160.30652481210566","-9.759370848577532,-181.2495545621967","-15.281169391859727,-189.9120977736043"
"-101.0,-172.0","0.0,0.0","-18.0,-19.0","-32.0,-45.0","-45.0,-70.0","-56.0,-88.0","-67.0,-107.0","-75.0,-123.0","-81.0,-144.0","-90.0,-156.0","-101.0,-172.0"
"-93.53154519541371,-159.98646632280244","-6.036075911736555,-4.00094495565237","-19.84225480032672,-6.754991265290166","-26.952403437800985,-38.350463776690816","-49.74203188091801,-62.581497060600874","-67.73436058158931,-88.22248953582525","-73.80213396900069,-94.19982351496029","-85.38833114204968,-118.43029775336801","-84.41757163136687,-143.29665165458263","-97.64316579977289,-138.1027344509429","-103.05599474719847,-161.88339101775315"
"-72.90083458533633,-182.34846640144153","5.854940983148586,-5.511372565829882","-21.503606613552954,-9.313618924877542","-18.896127010723774,-37.81127758618097","-29.773693596689416,-70.1712574568342","-42.505935603945254,-91.1048683241218","-56.09502962111634,-98.96803104274282","-58.58226234512433,-103.86225265561079","-59.333995069323564,-137.54377671482357","-68.21814177366403,-150.80737763224394","-85.56722362752868,-168.90687982390813"
"-57.20640330926962,-171.28723481963382","-0.9588078116620129,-3.8768589928430073","-1.6079966768413598,-20.625214858578353","-23.411414763814122,-25.2605370256394","-27.183478679805248,-59.416278616421046","-31.46092158387203,-83.24370666220952","-35.96021032001862,-112.32320765612717","-39.52423085406522,-128.5712816658554","-38.860648723107246,-124.92838367037213","-46.24191496687395,-146.10988215821143","-55.27068969798372,-163.8704531308986"
"151.0,-135.0","0.0,0.0","16.0,-8.0","31.0,-19.0","42.0,-42.0","57.0,-61.0","84.0,-82.0","109.0,-98.0","124.0,-111.0","133.0,-129.0","151.0,-135.0"
"147.0415432180641,-85.27148503294165","2.0833362283314125,2.159039504954401","17.29250603242102,-14.634195318743494","20.030619736923015,-17.89423957881572","34.593229965772096,-41.32643202177795","56.050948627873275,-49.30057174378102","75.69555330538309,-61.188127115468404","97.9045418118881,-80.23792249404255","108.82443093523838,-91.10060694051288","122.98240753382146,-116.87087929611997","135.0654780562762,-115.64634107741048"
"116.61037192180106,-125.05634483929244","-4.588939805990851,-14.869090185881442","15.144226048189276,-16.29065500413674","20.37293087588971,-33.89321667165384","39.801759971756624,-43.625219712616996","42.596980209716676,-72.29137755358107","58.97033958937319,-100.76017000727154","109.53312552874104,-108.51086745793229","113.43754236050621,-144.70137873227418","113.33225360835982,-160.60713944996306","141.19808730426604,-143.26092392534798"
"127.31314218742702,-174.75888839375403","6.805886673297936,5.650389370132578","5.369711120181805,-11.44747468624987","35.74465212193785,-8.318482179585395","48.321553729644606,-25.620145112355114","43.23651913643435,-47.67551942901609","81.25466135533644,-50.75569020907686","105.7365479921092,-67.6691618177621","110.7211521968618,-74.82907977743656","126.63589272793448,-82.28011790209986","132.54801182836405,-102.92630137228528"
"183.0,45.0","0.0,0.0","20.0,1.0","40.0,3.0","63.0,9.0","95.0,18.0","120.0,24.0","134.0,29.0","149.0,32.0","168.0,38.0","183.0,45.0"
"143.08518620995036,66.54934639194812","-4.1563991872646495,1.161876897942084","16.600210786349496,-3.3505330765905326","35.10352709893254,-1.347797336711844","70.14339094960651,-8.938156910957016","116.09270994422154,-5.127048315075559","131.96054518770015,-1.6546398396299224","134.13206906798618,1.7428172398713002","148.23400071958184,3.3401218241035515","171.3186616709505,0.9240609073439927","189.63942974082798,5.781464734415614"
"154.17640217189037,63.357812994619636","-10.771009197503739,4.307312785602602","16.970350887522883,-1.493352359621686","41.74929024373739,-4.611241042527246","72.40304264214302,-1.2011932778199021","106.9370427519731,8.090145322575179","125.10988789050366,11.944949764336936","166.65060892241345,11.012418543388904","170.19364908353188,11.950736273292978","169.93842902440628,23.057587535436536","201.78074459211473,21.411256988312566"
"188.1419555751186,37.803959605032915","-9.736803189531354,1.4596780385078454","31.925499305799423,4.9158131948497665","47.9135243358828,6.421706980491277","54.918003235757695,14.77756744648982","112.98491872353722,20.233639849818505","142.39369464622925,29.436903195977667","151.72314928170601,38.95334817272485","181.26410139097888,40.5414395698665","177.10227874432562,50.133630108095595","195.22369195288508,60.71734740068651"
"-137.0,-194.0","0.0,0.0","-23.0,-21.0","-39.0,-54.0","-63.0,-98.0","-87.0,-139.0","-100.0,-171.0","-108.0,-195.0","-118.0,-215.0","-132.0,-218.0","-137.0,-194.0"
"-117.73102451837268,-193.47605765987083","-5.904180809467652,5.030424812281718","-22.18151254487693,-36.650748224369465","-25.827248510205145,-61.00780688765253","-46.290756220482905,-81.7353252632476","-60.90164275636533,-141.97982956093276","-69.6728673916189,-142.08604973524325","-86.72732619094964,-179.08826543471667","-83.23539805424419,-195.814178718389","-90.85237805975277,-211.91968562108207","-89.66273455916966,-172.46486989668918"
"-118.11103038318123,-164.99472588297257","1.0462724249072741,2.9460949487691046","-16.709823088303587,-18.411075431303495","-51.68702084784081,-42.1805440168942","-56.93314289176776,-75.16512500156944","-90.46202104314239,-94.91124381243588","-112.09678338475564,-111.09171563337594","-131.03904242920586,-129.78052089694174","-143.15962482535733,-121.834548239799","-162.1590267034452,-159.36850055985062","-144.73859913817515,-127.94857615186643"
"-145.59609567082873,-131.1754340733549","-1.5167372571632876,-8.551726405333799","-33.0326460871296,-38.79888504619506","-36.319094585524034,-62.268827374281464","-69.15886171244073,-134.1843861954973","-63.39785966138341,-163.68563958812572","-70.31137242578812,-197.3891870500183","-86.47800145824863,-221.8560735690683","-81.8788976244252,-251.05967849619944","-118.12841236693183,-264.31168429442823","-120.01497350228394,-206.88707810168674"
"32.0,-32.0","0.0,0.0","5.0,0.0","10.0,-2.0","18.0,-4.0","20.0,-8.0","22.0,-12.0","24.0,-16.0","27.0,-22.0","29.0,-26.0","32.0,-32.0"
"30.38293292158384,-36.385056721524585","0.7319105304612719,-2.87223042231475","5.2865118000089355,-0.6252628647432064","7.9632286896532545,1.9894467446833453","17.726979571658376,-3.27533824019763","17.75192082037043,-7.782568186690192","18.5711557779676,-7.543271221418488","24.89882770091928,-11.296899971197725","27.855080615709998,-16.222806468144608","28.375065049922647,-22.00064090579172","32.22387933013181,-27.139901165959596"
"32.5910569637331,-35.21334831911812","-0.5419442666118893,0.9623302633858853","4.06215203649338,1.5206007168194953","9.71234816480498,-4.405744497405789","15.659503799346503,-4.060745890342343","17.22693146706322,-5.4647953610829605","20.32414726625637,-13.180232740396862","20.95113876042042,-16.429821247850832","21.85926362897111,-22.017137504325834","25.453378368994816,-24.45428974126573","27.337741807509897,-30.835749934713522"
"30.305288975183466,-20.935954577741207","-2.700254381810041,-0.2172180144830127","5.544026563910021,1.8667767586256891","9.433444638689695,-2.9218352017321854","16.348410463854577,-4.999248990851912","14.836053874177882,-12.91801233184153","18.580393770338535,-16.69965392114802","18.326805466414516,-19.16691871493974","21.73259643413986,-26.040548250673517","26.178957241791363,-31.79852787547743","24.528254335241783,-37.907064437859894"
"-102.0,-141.0","0.0,0.0","-9.0,-18.0","-22.0,-35.0","-40.0,-58.0","-51.0,-75.0","-61.0,-92.0","-70.0,-107.0","-81.0,-119.0","-89.0,-129.0","-102.0,-141.0"
"-78.59758893249312,-171.34577053073417","-1.3870812045115537,2.3777880036133996","-7.153984053436329,-33.11051085266724","-22.057697888422602,-31.43037153578349","-40.952697567505574,-64.00627529590172","-49.305784501514374,-83.69622028912538","-65.83107468927801,-99.46406602013373","-65.28151731275317,-110.30556930877223","-67.45901897516596,-119.91146007328479","-92.24777346998629,-120.16062312100708","-113.15715270004841,-149.71950778617597"
"-72.07372982230847,-119.35343273635449","15.961495452718994,-4.588699593431812","-14.128348960665884,-23.764067970049833","-20.8592273072758,-29.96647555043301","-42.93388158572186,-74.34005648550787","-64.69329616904768,-71.90867804597785","-70.34297318698678,-88.15751994151329","-88.612546384172,-118.24740186674994","-100.95717389492981,-123.61474187588372","-95.36378515603695,-143.16176021310685","-123.00726297394682,-142.3052094738647"
"-112.97260233631839,-173.4426777193117","5.138333439096477,-7.663015915229525","-8.174081156018893,-9.465434865553362","-37.29158065707189,-46.29767310914655","-60.08093677586723,-60.46778461777118","-84.05268171758472,-88.31763556884528","-93.50593446524138,-95.03740711668722","-108.24958797021266,-116.33872914099666","-118.66256984950388,-122.64563317059309","-134.21179690359835,-113.04636053829613","-152.44193672425948,-151.46593346679157"
"-187.0,25.0","0.0,0.0","-25.0,-3.0","-59.0,-6.0","-93.0,-8.0","-129.0,-9.0","-168.0,-9.0","-199.0,-9.0","-212.0,-1.0","-198.0,14.0","-187.0,25.0"
"-221.8808602944718,43.14862598956163","-3.403545793667531,0.017165448840358588","-33.08832247386888,-7.164756036537625","-65.46399569789803,-13.939686553362264","-116.7803986907683,-25.8317260158477","-171.2360678377819,-36.04255176412741","-195.5244212575963,-40.93133856977008","-240.5899219602013,-50.46326311475803","-252.83276662444047,-38.62959181304602","-202.61868670516378,-15.485802853040006","-228.6219535300849,1.1257078363180568"
"-172.1279307710056,22.667491328992085","-7.2409315278478665,0.027102957294365293","-36.51672606580299,-4.880789872266215","-60.80293555105083,-9.922020362451013","-92.20992943241403,-15.233702492391537","-112.01477694387766,-19.547982060452583","-144.71054246819622,-24.658617608753573","-195.89005903875915,-32.14617350469851","-204.71402458436532,-22.55055540204414","-190.18413912442907,-6.065817576528923","-186.4633257128093,4.647366747765126"
"-167.53284809224112,24.762880481454378","-3.6667719743110547,2.041133597616229","-36.0773974173479,-8.118438554075926","-69.35028453432145,-16.221214687553886","-81.58628189644635,-15.119265783024897","-127.54761414452933,-20.003018058100643","-134.85797605940473,-26.6647118979636","-195.63561305454803,-33.68776231601309","-188.71197172702605,-23.287432442500087","-197.12226623353916,-8.970012931390619","-183.16506549814324,-1.2115801147798848"
"119.0,59.0","0.0,0.0","14.0,4.0","26.0,9.0","40.0,16.0","62.0,25.0","75.0,31.0","88.0,37.0","101.0,44.0","113.0,50.0","119.0,59.0"
"92.85069770371989,73.55759328454869","-1.6098217438698184,4.122026547687855","0.663831391294651,5.267934557170526","38.49081325621536,19.19366529393617","40.57117722385658,23.87573478828444","39.83241229953881,37.486692842610424","53.45636976954253,43.824648102610126","71.57052454744102,55.540298352183","70.62187833661707,56.09866576662412","91.46679082416414,75.05734365863256","92.84563696504422,77.19988499223527"
"128.05931309156333,27.059856872619548","-4.656698254454442,-0.385092709047848","16.258613065340132,3.930622058443988","33.94930740561409,17.35061840447813","38.770083280335086,28.697431210429656","67.47511964196505,35.80829465601804","69.02588576495634,49.28230325388351","82.20638904415003,47.46936960134754","94.11885075937953,64.99221965093591","99.03982704187176,69.91757659130391","115.07932093787916,80.4613797529322"
"126.1304527879653,39.21917815061043","-2.824859846094757,2.588512957881311","14.882347907733951,-0.41224735391446954","27.01600673960167,-0.25081083113086766","30.39200197302071,9.294730065296577","48.72685431621097,9.417174212484632","60.93984228403843,17.16943944528198","80.5412156640258,11.393708178179295","84.88460269230988,20.079253435777158","103.78810335038399,20.628315045248424","107.31371802749237,28.558097941470646"
"-157.0,-137.0","0.0,0.0","-17.0,-14.0","-45.0,-31.0","-68.0,-46.0","-92.0,-63.0","-115.0,-77.0","-128.0,-90.0","-138.0,-105.0","-153.0,-120.0","-157.0,-137.0"
"-120.81574014946335,-174.45320871188866","6.477547180326722,-3.5996093947201375","-16.254881787885672,-1.5419272876758336","-39.883519202398915,-43.45783486345997","-93.41867720316681,-56.6491564066788","-90.90627421451732,-73.92402938835454","-115.86055844975472,-93.26123551854268","-136.9491153380828,-105.1212560892475","-134.4490295225944,-124.56574366316164","-163.79874169746537,-124.73288179270334","-167.87194802643774,-159.31584639712023"
"-165.39233305759853,-83.77396953578764","3.3989776907126177,-6.532665528330921","-31.719011699234567,-20.926196497710773","-47.69256824022761,-31.476343045841013","-81.66088332685545,-37.472684202332346","-114.48741658369686,-72.19942299738396","-134.02608442060844,-88.13535726123202","-151.29945831654436,-95.8931492491665","-166.63386093618672,-99.2656804674466","-174.6622208690153,-132.61818138374235","-171.56036855666952,-146.23017850849692"
"-180.4693745537424,-162.91667385464083","-12.843065232666111,1.2685870567265707","-16.51617668444378,-21.070761010320805","-48.9467314214677,-45.16156716349941","-54.93021389061104,-44.280526499877915","-91.03875892176374,-67.17530464266173","-101.58043006221789,-71.31419205555741","-121.75939902406297,-91.91586001984706","-138.03809745647507,-94.02706176728994","-150.3478989524224,-119.98767499181781","-143.8443844961288,-134.89051324223593"
"-123.0,120.0","0.0,0.0","-18.0,6.0","-39.0,18.0","-63.0,31.0","-78.0,46.0","-97.0,61.0","-112.0,68.0","-121.0,84.0","-123.0,102.0","-123.0,120.0"
"-106.32992153703377,131.2168151529536","2.435807136567282,2.4843629818671342","-21.386231761365227,-0.010372913740874012","-44.81462874425006,9.597671424322918","-65.12747852067147,23.889966814581655","-87.68504182638148,47.546576138388595","-117.7982336557492,56.647895572572516","-100.5082299410522,76.46642185108686","-127.27260891014706,88.44532450513766","-122.91935114010539,95.01765952748484","-130.86852048182146,124.28213984969788"
"-93.60924102030593,105.07366898630212","-6.951029176220613,2.120737022458048","-24.99571355805574,12.248860680127837","-41.78478261950392,23.513461711410038","-54.90844660123343,37.61351899630388","-77.43697872551769,70.16102832931284","-85.33105844613361,84.99524239476966","-101.07147845678979,102.23097804964499","-100.34217899199484,111.22691164171754","-105.15903606371654,127.46438596722919","-100.66025063571963,145.4829002428001"
"-154.8881558048572,91.12841661660156","-1.4794130890344748,-3.00619946225725","-11.084281800702852,3.2332902506042918","-43.51687320269491,18.432165403093002","-52.366890299629226,38.270084259968456","-65.91762856550685,64.71728977905887","-83.03193784448025,67.87079773412842","-98.58138894205887,79.85382043316703","-101.74910168668697,90.38900125637855","-93.6494789416736,110.02509092820627","-104.90944054018878,133.27763453604996"
"-69.0,69.0","0.0,0.0","-10.0,7.0","-19.0,15.0","-28.0,25.0","-39.0,31.0","-48.0,39.0","-54.0,45.0","-57.0,55.0","-60.0,64.0","-69.0,69.0"
"-74.50227744848854,80.88432008834869","-3.2860409370025496,4.558858718827487","-13.546375236784314,2.77928744695785","-14.302448918154251,11.386503108858417","-36.99621004418579,21.55997545216743","-42.173845626821574,13.844573908663133","-53.747467179226035,34.55218136392775","-66.65478490774089,34.976001754718325","-61.50389859889556,42.613755863967505","-63.8276482921932,50.65506587679152","-84.1783064605624,52.874600442981574"
"-72.34403592454008,49.432516601174996","-2.245093863672157,-0.5111388862948621","-12.019428451571756,6.791897131228351","-13.717130190155988,13.968563488829917","-29.011020727120787,22.13942874837403","-34.956220717263186,22.10022707529207","-42.17189201375091,33.655241521208964","-41.249750237489195,38.767100299928344","-46.38613287678885,41.60583413628028","-51.0174018377313,45.35428105769766","-56.19485246454746,51.64735736009727"
"-90.37160573300392,67.68790377478078","-0.5714804162567952,1.1321409300074796","-11.584109099670057,5.917307457316667","-24.80159820405211,12.56782416655962","-28.11772791172507,26.706198764944258","-38.827228138216825,28.846084374825082","-57.51923820257301,32.39084418982317","-64.01096056855084,37.38550680494664","-73.22859701275124,48.83510517307476","-69.64106566970156,58.435502957669385","-78.26477891783625,56.95028890173078"
"179.0,131.0","0.0,0.0","18.0,19.0","39.0,44.0","52.0,66.0","63.0,84.0","90.0,97.0","112.0,103.0","132.0,110.0","155.0,120.0","179.0,131.0"
"135.73300460561933,148.2378486650903","-12.173599354400546,6.562278422613968","22.86347906688628,14.139602994707495","41.60932126878117,56.2837374030277","42.8975766996703,57.98445011712581","76.12556233999628,93.59890591196519","98.65681198735084,90.78098150676549","122.76904475560792,103.34870850235318","158.26790999105884,82.29491618094363","176.29266680928237,94.36264419200307","206.98530467589913,109.581361926587"
"189.73103972593867,83.02299207389882","-11.374682486176626,-2.0310592595986314","25.071920555145574,17.55117488288869","29.23590235678615,41.20699391437721","47.63467039926408,67.47902500728117","61.50184282178935,86.9097985345556","79.97752557156218,88.51019753489973","103.17626000309446,104.62680172685734","122.15582595643426,112.93614869236534","141.42840501221482,130.59005488138638","156.38724364386366,139.97307287318952"
"131.87166828536309,125.09033558448519","-6.724269617910357,-17.55056295964597","12.766551725578669,18.439936616926747","25.8373829576897,30.145421724047523","53.53667790460159,50.82631271759912","80.72025142465345,64.59238062510202","87.0671954228744,91.4876593526354","120.86471233733968,85.67345772030738","126.81653002556904,87.50356215993811","160.77894564799743,96.05242501025405","183.94360061908165,94.72170990945074"
"-132.0,23.0","0.0,0.0","-22.0,4.0","-61.0,3.0","-108.0,1.0","-151.0,0.0","-191.0,0.0","-207.0,9.0","-186.0,14.0","-156.0,19.0","-132.0,23.0"
"-125.85315855162935,0.8115856799119321","-2.142933399744613,2.205280608002942","-18.071642022486902,8.714765824051199","-44.26683305163368,13.042485629614882","-129.76288322311274,26.236579219203925","-136.71422428616003,29.024109208779212","-200.2548841790235,41.532311645659284","-219.33474864744932,55.41639346919732","-179.98959833076896,50.54376264278578","-174.071024801698,57.226873685507556","-127.98683529862718,48.695120933124514"
"-137.8897385770476,9.134885464089598","13.194212511161226,3.0099630451665575","-18.968439803163694,-0.9388218000026902","-49.25101822385083,-7.865335463773799","-88.26801245274284,-19.45164526239818","-126.11073168534021,-29.924817078593495","-203.56429655846483,-48.94683530577993","-203.46659683857558,-41.13372549301426","-180.67257321471007,-29.219506410303786","-147.80342534458913,-18.493187323231133","-132.8731138258048,-9.283601261965817"
"-107.67024126708245,20.505367961248673","-7.318000202418491,2.047682697162043","-22.134812260444193,7.11094838959417","-50.59224581110807,10.51928687881862","-99.28999820888434,17.19610498842271","-163.60940004102162,27.687316929712267","-193.61641868746415,31.85370178394741","-191.18479464303746,41.02182365346006","-185.6986850766931,45.15487583149727","-144.13367904670753,43.33821888365935","-110.74682269307054,40.92530181511971"
"-133.0,140.0","0.0,0.0","-8.0,18.0","-19.0,40.0","-37.0,65.0","-55.0,85.0","-71.0,98.0","-86.0,110.0","-105.0,116.0","-121.0,125.0","-133.0,140.0"
"-158.4152954432843,107.0918220697072","-11.37305507322173,-1.1784314243347123","-11.71083780918649,22.4770422289573","-23.350366487581862,55.874965610394625","-26.610831005613292,67.10880468452812","-47.47165159662754,86.05074756722424","-49.07515767272552,103.88023934827416","-68.90207748407862,132.3827731088517","-100.59940613643515,124.50115730007803","-101.08890989093629,149.4623185109504","-111.38129589526889,152.5275213014046"
"-122.55193936635747,139.10487197519151","-11.521424465564829,6.018897976779972","-10.95111426917584,23.455528285432642","-3.3782798086981463,53.68091540542944","-37.87789507244401,65.4795745807297","-58.486965170351084,84.06662404984547","-75.37694731161389,97.61289320610452","-91.1850747484273,108.86092145138507","-99.62650997023498,107.59517298355145","-127.95109090987864,131.09205327805057","-132.1106535445896,145.48946190663463"
"-108.49446892917535,133.8436445356071","-1.038561684137169,-12.256813098264612","-3.8941779135526637,20.217917796970855","-12.315516402334879,48.66003355235121","-47.4097114209459,70.1649777632234","-59.78694017679969,78.44742924197872","-89.57443542658648,98.46356481366016","-111.60047674093931,119.63737533324158","-125.1238880120222,119.22410528317607","-128.91902510970314,123.67748225170286","-161.1336620147935,142.35263313710513"
"-167.0,99.0","0.0,0.0","-21.0,0.0","-53.0,11.0","-85.0,23.0","-111.0,31.0","-131.0,43.0","-137.0,59.0","-146.0,74.0","-156.0,86.0","-167.0,99.0"
"-186.88767497243686,95.27112287369003","7.15550721355083,-8.526580685003971","-13.118436273419738,10.757903631522641","-50.36270635614238,24.894531288346947","-69.42008808077077,29.012052210707445","-101.00692250184638,40.352049394142455","-116.33993045439011,59.79576939174944","-108.9776925756938,75.06625485608427","-121.64370920849488,88.13389860776715","-129.23865291146848,103.89380583680745","-150.38923873853287,117.99913002083659"
"-195.5451799222093,79.824413858237","3.766143906873848,1.9508387934451827","-19.280951734589042,-4.17106206024072","-50.778943104342595,-3.19218720046089","-68.92396544768263,15.40228702987501","-99.65418984256524,4.672651215932216","-124.78201746353335,11.929091825383658","-126.56650715766231,19.883899066965334","-152.89922595084943,29.112322535655245","-148.87484177245736,47.80240262534352","-155.12227036853045,43.360581159506694"
"-160.1125120834014,86.89965733585524","5.1155934767155795,3.4032931085274294","-8.047597806671241,4.251257480032357","-53.664777745718446,17.345383474481338","-63.01502971726964,33.083234856429456","-87.91130122341437,33.18573515731751","-111.25002692718407,53.47575577774376","-107.91969559139336,69.15839815804325","-130.17948680233556,84.54217620219853","-134.0278263701649,99.45191184247449","-138.0406768038587,108.6512469691608"
"86.0,-158.0","0.0,0.0","18.0,-15.0","37.0,-37.0","66.0,-72.0","94.0,-106.0","115.0,-135.0","133.0,-152.0","123.0,-160.0","105.0,-164.0","86.0,-158.0"
"123.2386227433571,-131.2443263029671","-3.167277750387759,6.66885810622605","27.600193312234396,-26.79392595361121","26.63955286245838,-36.12537714877769","67.75026385278491,-103.3620830015541","87.03980099201306,-152.18780891969672","97.3776882101279,-183.13390642620175","102.47094891349363,-206.87708786866855","103.97129872994245,-202.30676934066847","79.99697847230465,-219.5357350614643","50.847902860630846,-212.4193184925617"
"82.84510912738175,-136.33603665145773","-3.459298484821459,4.812502350930544","10.685883051338164,-9.870626643078564","34.75057808290269,-55.92764319671736","46.324110740049825,-79.3735056990196","61.63775303685723,-151.26460862362399","81.21342434161807,-167.1619754854993","98.49077794588501,-196.31207922880463","75.63329751209271,-208.95230095702215","59.83583011591799,-201.4783798554107","34.421737151240755,-184.47404176215815"
"66.85157712449671,-195.43176067555072","3.245379616417267,6.78708125551851","16.2451628486395,-5.450345548421287","28.487627913098017,-37.369086371806006","48.1082993128966,-79.29448785540443","65.96811159935797,-121.69072733461743","82.23867535082518,-150.27582178582693","94.00069188689383,-160.06644023389387","80.50187078106883,-172.9836825074301","67.32341498188441,-172.66151177006498","46.157937148371964,-179.15320418325697"
"-18.0,-88.0","0.0,0.0","-2.0,-10.0","-4.0,-21.0","-7.0,-33.0","-12.0,-46.0","-13.0,-55.0","-14.0,-66.0","-18.0,-73.0","-15.0,-82.0","-18.0,-88.0"
"-21.0107985026649,-102.27565600694048","-0.2961505567149183,0.4970223758829862","-1.0370631482180988,-10.68202250199952","-3.627128620962966,-12.918121646048487","-6.538309097377529,-21.231282072240894","-8.35649471189071,-40.264458038673276","-9.467061498507867,-42.23586906733552","-10.308138716522393,-54.337774141908206","-14.375516411530915,-65.96057574528524","-12.337720946597743,-70.46488134583663","-14.408695269055121,-69.60729365868247"
"-17.16343074665386,-88.88570746673344","-1.2017457181410864,4.149177061051306","-2.2686427206863375,-8.945326279046153","-2.7777498411497636,-22.809506422683388","-4.524357754114195,-27.98512040563045","-7.65385054617712,-32.52390093055503","-10.093006434472144,-44.652359817680924","-9.678262459300262,-56.11145515676426","-13.19242204939567,-61.82362075491623","-10.540308211907513,-76.55417908719893","-11.216205993375919,-87.03709641091888"
"-1.4357211791509847,-97.23603267834218","-0.3108923971233082,-4.380123548596438","-5.234514596813863,-6.008623206168528","-10.107962684431008,-22.666555330318385","-13.63766759299158,-34.16660426904821","-21.945875219615388,-50.05599723686544","-27.31923468076468,-59.031795891333495","-28.6094159412247,-55.621722915835775","-34.50044792580687,-74.92534967152646","-33.48039351796571,-85.25538172386217","-37.456651800883705,-92.41027922130301"
"-134.0,-148.0","0.0,0.0","-15.0,-19.0","-30.0,-47.0","-46.0,-72.0","-62.0,-99.0","-72.0,-118.0","-80.0,-136.0","-96.0,-144.0","-115.0,-147.0","-134.0,-148.0"
"-106.96415356573823,-174.5605975187224","3.7893888717277364,-3.0146122078562065","-19.308856823207226,0.02892345138353125","-62.13660587687643,-60.14546024535403","-68.1399686961233,-79.19935128836359","-84.9673628876025,-88.89613408477246","-105.97217847326351,-118.10552407389503","-121.3065094070072,-142.15363847421784","-143.62912971936717,-148.46048255312886","-160.62909145963647,-146.57378294627762","-189.6569024772644,-151.79208845090582"
"-146.48537005894096,-122.15272837560917","-5.21312124496747,8.512228532018929","-4.795179621539642,-20.039395417035998","-21.88799202147659,-50.21984033468213","-33.857125382440245,-62.47920349664249","-41.14221798980225,-98.84097532899217","-53.704342072988126,-128.91406352684","-46.54503122158549,-139.27309669541393","-65.07632769579642,-153.46339054938812","-83.43749205384286,-154.02026091605228","-96.94147753323688,-154.2136100017251"
"-158.1889741727351,-133.02684285727196","3.8374426464575353,-10.31547913307471","-22.45924776528647,-24.301393038355606","-37.898080293686334,-49.03375324311802","-62.351117554580306,-91.23112685615513","-58.86976835633628,-124.77224451283068","-82.27775540933838,-131.20017067714778","-74.9951939590324,-168.22235899819947","-113.68181806181221,-172.81014530375123","-125.00129379734994,-179.31199958385878","-149.47801805229585,-173.9759016327819"
"178.0,-31.0","0.0,0.0","16.0,-4.0","40.0,-10.0","75.0,-15.0","118.0,-18.0","167.0,-29.0","198.0,-29.0","213.0,-30.0","195.0,-30.0","178.0,-31.0"
"163.0760203742837,-19.103990942565915","6.728510875059012,-2.012388739229065","16.127469851263076,-2.8029595521821595","42.62955799881258,-8.946131744070652","69.66739685037717,-11.063327645924373","112.45500029807592,-15.88977685299738","158.75215975583424,-26.63001394973222","164.48704018911388,-24.92717427120277","187.94640805282606,-26.165132149524094","172.86294602301237,-26.447541362022978","157.03132272359002,-26.953684457944544"
"207.49300695864176,4.751870789400677","5.546776220886118,-0.19955389567876494","2.9168434040969267,-3.8822229836141093","23.971689972927024,-6.20958011845979","51.19514374765921,-11.739714973749667","91.32337724765414,-15.595523073503065","143.99727445014577,-27.452729843762615","157.98424050229994,-27.144658372858565","164.46429012700358,-26.11758664088286","141.24316119546262,-24.554490558359866","153.90925697582236,-26.915933432246177"
"162.7131802769514,11.77735253130994","-5.605241731141551,0.046965260524466146","14.026457254284441,2.2559528828895887","40.863715774437594,0.9397124825952687","59.16968912844572,3.833950715557288","112.92483947920628,12.623237612620446","155.39928109876948,11.347680296721524","179.07945265879985,17.361969689868825","200.83853660018485,21.309008256159615","183.69937692800468,18.118793421582676","161.29073197773909,14.457271617278224"
"-19.0,-147.0","0.0,0.0","-2.0,-13.0","-12.0,-30.0","-22.0,-49.0","-33.0,-70.0","-41.0,-89.0","-41.0,-107.0","-36.0,-121.0","-30.0,-137.0","-19.0,-147.0"
"-19.063926222258413,-122.89977919844313","7.682834336725616,-3.462600820853913","0.682509166769143,-7.943756201404549","-2.185060389098476,-45.82340203101021","-11.051738504580875,-61.98240440866932","-17.639229143962712,-76.98085983190103","-25.502192953583563,-93.49160192692527","-17.20977946526299,-134.51123422881426","-8.409151522208049,-147.95362291813106","7.675863246795302,-162.80603262793207","27.59606096546356,-185.2057411095102"
"-0.7354572161842903,-148.9703710878996","-4.546868800517673,5.8897137121673095","0.09320298014558981,-13.261081288169292","-3.5715978497215763,-37.78536613029632","-14.285019965893609,-48.875436540665746","-22.37072742676174,-76.91223418204389","-29.233732407031916,-90.38323047022597","-22.91521372566877,-113.23910959479845","-16.33492882717299,-130.66723343311608","-0.9270089961486327,-160.01217018178326","6.523512928879583,-153.89117875949287"
"-37.0462416731653,-117.81213260536855","-0.17398977271387744,3.8493023092958594","-4.234456084716122,-1.8598922256440227","-9.5644191912159,-10.056901756947033","-17.317726327417095,-45.2056516043214","-24.030699826062836,-63.3886276972609","-31.99791667737982,-80.44486200193087","-30.309730626076544,-88.58114477426368","-29.63773584690916,-110.0877898219446","-21.862414513779015,-116.50370154742662","-13.107867739138756,-127.57504240307378"
"87.0,-143.0","0.0,0.0","6.0,-14.0","20.0,-23.0","33.0,-41.0","51.0,-63.0","70.0,-86.0","82.0,-101.0","85.0,-117.0","88.0,-131.0","87.0,-143.0"
"115.61073846841069,-157.67332572409586","-5.186979759140699,-4.184388356931774","3.477763309655968,-10.580769022694762","13.558463662746322,-27.062767175674942","33.239189263413806,-57.655862388620555","45.83891138313197,-68.25154194801647","64.92264416044306,-112.43758203013194","78.35309854313974,-113.65744692861834","78.32227587955651,-120.94164274443173","83.130732252453,-130.05472800396092","83.54335688357835,-155.32972089733713"
"94.45356890164851,-135.04437664055976","-4.815462781983083,-4.854439856915981","14.106496552022058,-12.233893707830976","17.235766644218582,-23.521408893493895","29.154583565753356,-39.47516181611559","33.35960602451999,-73.00184645018491","51.04246071922485,-103.92230347392754","56.21797526703773,-127.6398923382538","52.12831081059434,-132.91908581327442","53.90827009156089,-152.35093819764796","51.94226542252433,-157.60090953280155"
"57.755726382511234,-124.68048928243886","-2.8072276452288256,4.919879588590909","2.1313831938579026,-11.708324985743268","13.298472161380696,-24.92666038459281","43.114503309768715,-43.48479191799519","58.915734642863235,-43.78939999858249","71.21818573694642,-66.62392671938558","86.45078582357905,-88.19733105087634","100.16293085754387,-93.63115631136812","107.50031188463274,-111.03248381422824","108.26071007234664,-110.1239385655793"
"-82.0,-100.0","0.0,0.0","-3.0,-10.0","-12.0,-20.0","-24.0,-30.0","-35.0,-41.0","-48.0,-55.0","-59.0,-70.0","-70.0,-83.0","-77.0,-93.0","-82.0,-100.0"
"-57.151836838248826,-110.03447578882634","1.4665421540784473,1.3722909509333303","1.0368916885908426,-4.591232260526719","-8.159357229224225,-15.205738586463193","-5.260438619381056,-30.614008586876697","-20.37878726429159,-43.70998451385221","-33.5488369283603,-50.788284989537885","-38.0912349032947,-75.70053462279247","-42.415540556534694,-80.83572034600861","-44.911223955008474,-86.1807881972965","-46.32392303522384,-94.19636055761003"
"-102.142561631409,-73.3593279630994","2.5356076053916308,5.049587163342428","-3.388409749689295,-0.6284662796111684","-17.406242368035688,-14.584802844941017","-24.037730854132597,-30.869459818166966","-34.9213900518461,-32.14318786580949","-49.181177042928255,-48.94679605746894","-55.08081064210249,-59.477989041638864","-70.93690362395472,-73.8646048614279","-75.22699264932453,-70.66806150787728","-81.9491855111705,-82.28180340291037"
"-62.78483297798765,-127.9869993506029","-3.6916689930647575,-4.991846224982565","-5.58938049859,-10.765991636634816","-9.568335445255109,-21.54948971224044","-26.920209368887388,-37.93826012601753","-27.912211959579167,-55.46097798572744","-39.2055153636703,-66.2136439155081","-50.375280888317654,-75.42893240988847","-66.1080148704187,-106.45943226352946","-59.56627253316353,-115.02070051823426","-65.99344805476248,-115.65222747603651"
"183.0,215.0","0.0,0.0","22.0,22.0","41.0,49.0","88.0,83.0","114.0,106.0","129.0,130.0","147.0,149.0","164.0,168.0","171.0,189.0","183.0,215.0"
"122.70485105689306,193.40129169569573","-9.740671630761373,6.057547082627092","13.223174653535636,21.879511417526178","59.48553988576333,34.16326902972358","84.05900754872205,58.55664315203768","108.01031314675507,83.43986466843596","131.90207247547193,88.6372480390577","147.88366067499499,96.00745574649771","181.2410152444016,117.96382902938367","198.47268660746423,130.5446346465431","209.4782667751505,152.89306721301642"
"210.68215633958914,176.63721439387615","12.349368174237043,-3.8518440630883575","9.659163579151258,19.22756611706391","57.75140218357077,37.2661724516882","103.4079186648458,62.20229181999019","122.35978619996074,71.22073728173216","125.62151019235866,84.61303303589125","145.12886769572646,117.63480733209491","170.55335145768584,134.28275519497151","184.54523016508898,135.78486916504423","195.19522204419596,166.41686230346966"
"268.75308313754687,199.97798096062803","-6.11024567017959,-10.42583091369616","18.68464855066635,18.17076868365311","27.336766505862656,61.24469544145908","85.31815956076322,66.10878768236472","121.06812005184237,91.35924071507993","115.97832817060655,114.61973133853456","156.05130370268998,142.26103433249287","168.75042901768393,151.8521534778229","181.52346311306414,161.49267793461217","190.6306280871307,167.20065668551436"
"147.0,-161.0","0.0,0.0","13.0,-14.0","29.0,-36.0","49.0,-51.0","69.0,-71.0","83.0,-91.0","102.0,-112.0","117.0,-134.0","128.0,-152.0","147.0,-161.0"
"162.72577854731128,-166.2013506772597","-4.338167277505095,-4.311856336836791","8.940457203592176,-14.63987291512273","22.495889047514606,-19.503016698223483","34.865935724166526,-53.771252585322024","54.49898251531683,-63.50997896270466","75.01666669173069,-81.09487194666916","79.76543349239303,-106.58976961758563","91.95777267275746,-137.5956931090949","102.0205501164915,-153.0353201176768","109.44380126495562,-157.7910722808829"
"169.54915785298488,-161.9004637898014","3.147397027203669,8.918029904685852","9.07970207764194,-2.0006018373038543","45.68316400466304,-41.033223790439294","60.22607045236717,-56.09253847667224","86.3409702932641,-79.60608072857404","94.65393511194848,-96.08490262580911","127.65799976217842,-117.59383219690412","139.45091688491482,-140.84072777883975","151.52555891417265,-138.9971188513062","171.14709343608916,-164.97753062405062"
"117.46279166468231,-204.19184777820544","-2.955057038977923,2.8876151983130858","6.792530165505935,-10.79496239586228","17.385927043619247,-22.37458176376166","51.566826446910966,-71.29288872845517","76.88941631162717,-101.97267900723529","72.42725962075568,-127.0720866709539","101.67125046958094,-136.2692768696045","117.30401409883282,-149.63950852505664","110.41507338125358,-193.92690243198146","142.5625222245975,-200.99505189338967"
"102.0,132.0","0.0,0.0","10.0,12.0","20.0,28.0","30.0,48.0","42.0,70.0","51.0,86.0","64.0,104.0","75.0,117.0","86.0,127.0","102.0,132.0"
"97.50649690073034,147.79156038594874","-1.7208558826467941,-3.5972276115601463","4.5854524954079405,31.001757758466766","13.644210973568738,20.153344448290927","28.244927664684564,48.42541706802047","53.856684679551805,91.01716835385824","68.44529558823741,110.46257789752052","74.74716492837005,126.4630742074587","87.30728167127593,154.37397163706964","101.86822643320347,143.2090670642637","127.0887229932083,168.6939919541568"
"88.66737913241116,156.58333438300502","0.9689255185657228,-3.9905048567650447","5.536181496564616,4.891943511746741","31.83334072772041,36.467436510231714","48.789790941104656,49.9166958482167","63.56741403736151,73.68413484080159","75.35170372338709,74.58659362099561","87.10506712972759,91.1484558148599","106.07851650369145,96.88510084694082","113.96585641164721,108.67809532082624","134.00281286195897,116.56435992032186"
"110.68901756847512,122.7075104417626","3.0923770461310487,-14.002057278163422","-2.2064271228896004,1.706906586550598","17.002933951969784,23.695517715408016","16.76032948824898,54.66090033274127","39.32974109569212,68.90935560844216","51.78586110292111,92.34022772719932","60.49373525023983,98.31917880581044","71.21375341564827,116.24389630390262","82.77449992437063,128.7719381364328","93.79714279270846,131.35271437164164"
"206.0,-27.0","0.0,0.0","14.0,-1.0","33.0,-1.0","57.0,-4.0","88.0,-5.0","123.0,-10.0","158.0,-13.0","183.0,-16.0","206.0,-20.0","206.0,-27.0"
"160.476379024251,-56.723552527086085","8.929437583638013,1.2905322386145897","15.59015085219279,2.266910684892732","30.963669523660492,5.308551281146685","52.441138395838074,2.3245408129857337","92.78024796068216,5.98563378002625","132.20299944395376,5.721600862763925","153.13379339961702,5.833085796618349","199.42242911550272,11.143138221467371","223.95206401887307,7.692472481562955","218.99119794858734,1.2574284936112825"
"241.81830895322835,-5.839633523486068","13.639364683974067,0.3684156995666461","13.471661447599965,-1.4164806532839642","21.522980153218686,0.6630114997106749","60.42800928412252,2.6218501563875245","78.37388441902166,5.02334063536399","133.3914885559615,3.68855499288164","167.10639586962478,6.230537981400209","180.6044498479732,0.30941579308896294","194.42765312254534,0.7384316643200712","209.02298973571084,-4.792142321174836"
"229.9428836236083,-85.85779259994914","-16.443218977309435,1.9967442724494608","19.353566744578714,-5.971548759411498","26.951877373661603,-8.0286332056707","58.27943801041432,-19.882676570615295","78.21508441628553,-25.889354182053708","109.20343518845478,-38.279563176586954","169.25301732493537,-57.846497224319236","175.34435097310433,-63.35829965457702","192.34265298132763,-71.6199489885208","219.70644786824985,-85.38141117786526"
"154.0,-109.0","0.0,0.0","16.0,-7.0","39.0,-18.0","70.0,-37.0","106.0,-56.0","128.0,-69.0","146.0,-82.0","164.0,-89.0","170.0,-101.0","154.0,-109.0"
"143.513929358325,-105.04069118779401","-11.282759598234875,-6.460164851279605","19.687733905227432,-6.165262627317784","32.336315668359546,-5.937960289259909","61.83397700647032,-25.370589082200556","87.52874272972896,-21.106170375816053","120.06778132578044,-38.18866710352315","131.18975319063367,-52.768979722164985","150.28699545663932,-54.14837567208568","170.93505467261036,-56.37248909343904","140.9174206053294,-65.85535198511401"
"175.59032136606612,-82.05462788803575","5.552597216238844,-4.442115423051704","24.614352962150114,3.790567306880904","29.90680571878742,-13.898664901651376","55.7620475416802,-35.213427249684884","109.30006368202051,-36.50232879218028","137.25857599821765,-46.41786923043527","161.26558315101082,-50.98574188486948","183.94190611109096,-65.67433760191985","183.05355739373573,-69.82299971151429","185.94583356121822,-82.58972626908889"
"110.08264833236255,-114.99231778625106","-7.300062324608418,-1.1950486877781044","18.057117051044465,-7.605291068034702","41.71954292258858,-11.858469145500326","74.51097584444562,-30.440199986726256","122.56165128086317,-51.965065216823106","126.16784137839785,-54.11615732474877","160.034867871889,-69.17280714031197","171.68191830432647,-75.68948078034623","171.42495077006987,-82.00241236679402","162.748918369127,-94.33474793612898"
"203.0,63.0","0.0,0.0","23.0,2.0","53.0,11.0","94.0,24.0","143.0,39.0","195.0,50.0","229.0,58.0","237.0,66.0","221.0,69.0","203.0,63.0"
"162.7048770988985,67.68103091417828","14.921373369743467,-0.9561835961374059","25.282155079992528,10.106317208602828","49.4862443453248,14.464864035928102","79.4344557172348,38.95331009821743","105.01262464791024,56.09027636247602","162.33694498395806,70.54758586436691","179.74366475194705,85.39864483965829","171.360107790864,90.4103893230835","160.1616806592513,98.17947135392706","156.5424659945742,83.59068438408089"
"209.98301344314874,74.36818647748731","-5.593892694294392,4.352575757559602","17.49895346776301,-4.2067058423481765","57.54043173985504,-6.131410628471065","79.93714774787219,9.915882693231092","133.04926681366493,18.68563797724335","206.65038239088858,20.418978643279154","245.22158845836793,22.509029004603754","245.14975642583465,26.724136743646064","236.9485873442334,33.36994756581486","202.45229064176408,31.964774953124046"
"181.04339178708116,93.01375086651097","-18.874833121715834,2.6330767209034054","33.15115823226632,-8.621940730890586","53.02698059926135,4.942643288872656","95.44250766217931,5.378305813186213","173.2118420344817,6.5735714041786295","202.88745959236334,20.495459688172595","265.24730392645745,10.814415486748153","274.7017334199557,17.893034452063553","264.143894446004,23.782166190373488","233.99369365022372,22.638928834377573"
"-175.0,82.0","0.0,0.0","-21.0,5.0","-51.0,15.0","-77.0,24.0","-93.0,32.0","-110.0,39.0","-130.0,45.0","-144.0,61.0","-158.0,72.0","-175.0,82.0"
"-181.01089872878464,142.6312611584184","0.29240881211269,-0.93568775330093","-17.27818050254383,4.033519546647263","-43.05191653704611,13.066716869853447","-60.218219378476846,22.52203268295329","-78.85248029142033,35.89113623444236","-108.53742955680067,30.972627252761036","-106.60367163340793,35.10147972230013","-109.35721912452571,56.33463150942331","-139.5843896097052,65.40532884675513","-132.90882003067648,65.49228685857412"
"-166.06939093595815,68.30047841254078","-6.6132964504224825,-2.3637022559060146","-8.413220738440634,11.09622130589167","-78.91966649345146,26.750284836383525","-78.72030752917266,43.99557275885365","-79.30459798154712,43.98994706151055","-95.64912287792008,56.707923770574304","-136.34366153989237,59.375420194679975","-146.82246324690863,89.14992753475016","-159.8237509203268,97.07652305465335","-182.13880930772106,121.69451151128163"
"-157.91813877181283,100.9848136060062","8.754366022068151,4.365987809470316","-17.24402015183511,3.5646269312116896","-44.93166037562796,24.093206766671457","-69.24007118645663,28.678300388117904","-93.09761871531971,34.964583924416104","-105.50564016519061,42.128487394215455","-136.10910075589007,55.91949852416526","-140.70399728241327,73.31632745383462","-162.94109492734586,88.02696387995097","-165.42692535772727,97.39141766252774"
"162.0,22.0","0.0,0.0","16.0,0.0","49.0,0.0","105.0,3.0","160.0,5.0","193.0,7.0","205.0,14.0","195.0,22.0","178.0,22.0","162.0,22.0"
"133.4087304488682,10.980580680056152","4.614960422575767,-2.5496887231974705","31.186033774160233,-6.758945670360406","60.186230585041535,-14.759074319871372","93.26603935308887,-19.889701915586528","144.22860217337904,-31.59874030091251","164.01620850171548,-34.73547236051592","220.38600654851376,-42.242022311331674","180.63267812981383,-23.845028941890046","163.2751605592796,-21.360065181556394","160.94688283913908,-17.62624544916065"
"166.49427036176388,-13.523554281743976","2.5387333721168615,1.2650292018930978","21.0187941899406,5.029482795409581","42.79230890856448,7.68637428000629","84.87328217027682,17.698938358443883","118.54452518127123,24.644048684518992","151.9683193808241,34.3927614939131","165.88690810336516,40.96725978995951","151.36598010255233,47.115764102079524","152.15497402670354,45.676847354371134","120.43986406312982,40.81323927230329"
"161.6850005595712,59.527937745304925","5.862927789815682,1.1009229650305783","16.50147981701116,0.7295842373663648","57.91025976661096,4.624266347611794","90.87362601277849,9.254670613560673","126.68511280108889,12.79078267214426","163.81151220290442,17.411583688273467","189.01876627143412,23.147513942576495","183.60486704243658,27.268928719581027","149.89649918322618,27.935217252473894","139.60670137439627,28.694085107089215"
